seed,N,C,acc_ry,acc_rbf,maxdiff,meandiff,corr
0,4,1.0,0.929,0.93,0.11134352810276851,0.023737788583458496,0.9993423840784967
0,4,100.0,0.932,0.941,0.11134352810276851,0.023737788583458496,0.9993423840784967
0,8,1.0,0.9595,0.96,0.6600895605695052,0.02516970567769913,0.9968426689042459
0,8,100.0,0.981,0.9815,0.6600895605695052,0.02516970567769913,0.9968426689042459
0,16,1.0,0.961,0.961,0.44214239229056645,0.023874848174675688,0.9972469437745097
0,16,100.0,0.984,0.9835,0.44214239229056645,0.023874848174675688,0.9972469437745097
1,4,1.0,0.9275,0.927,0.9712689438769808,0.025020541031481998,0.9971077190430042
1,4,100.0,0.932,0.9355,0.9712689438769808,0.025020541031481998,0.9971077190430042
1,8,1.0,0.949,0.9495,0.9062853563769161,0.026261745422799816,0.9955404938470304
1,8,100.0,0.971,0.9725,0.9062853563769161,0.026261745422799816,0.9955404938470304
1,16,1.0,0.9525,0.954,0.6915843974664618,0.025103418422146064,0.9963837927590232
1,16,100.0,0.978,0.978,0.6915843974664618,0.025103418422146064,0.9963837927590232
2,4,1.0,0.9385,0.938,0.958913306063256,0.025986144893779428,0.9923294645249471
2,4,100.0,0.9385,0.94,0.958913306063256,0.025986144893779428,0.9923294645249471
2,8,1.0,0.956,0.9555,0.8766948658013174,0.02672563009103392,0.9940340553107389
2,8,100.0,0.9805,0.979,0.8766948658013174,0.02672563009103392,0.9940340553107389
2,16,1.0,0.9585,0.959,0.655105270048951,0.02525287651053072,0.9960477625511711
2,16,100.0,0.98,0.98,0.655105270048951,0.02525287651053072,0.9960477625511711
3,4,1.0,0.93,0.93,0.8855235779491529,0.0253911013463923,0.9953056212800501
3,4,100.0,0.93,0.937,0.8855235779491529,0.0253911013463923,0.9953056212800501
3,8,1.0,0.956,0.958,0.6774195626703111,0.026401337307765387,0.9951636687340006
3,8,100.0,0.981,0.979,0.6774195626703111,0.026401337307765387,0.9951636687340006
3,16,1.0,0.9605,0.9635,0.5611546153262283,0.024801271881561407,0.9966100047770139
3,16,100.0,0.98,0.9795,0.5611546153262283,0.024801271881561407,0.9966100047770139
4,4,1.0,0.931,0.9315,0.9346288642637091,0.024959298420806544,0.9953143876021112
4,4,100.0,0.9315,0.9315,0.9346288642637091,0.024959298420806544,0.9953143876021112
4,8,1.0,0.95,0.952,0.8353719073115277,0.02512208363603316,0.9971834434936746
4,8,100.0,0.978,0.9785,0.8353719073115277,0.02512208363603316,0.9971834434936746
4,16,1.0,0.954,0.957,0.5386455609703285,0.023765725586656468,0.9975334966291661
4,16,100.0,0.9795,0.98,0.5386455609703285,0.023765725586656468,0.9975334966291661
