n,model,acc,ci_lo,ci_hi,diff_vs_parity,diff_lo,diff_hi
8,kernel C=1,0.9595,0.9509875,0.968,0.025,0.016,0.034
8,kernel C=100,0.981,0.975,0.987,0.0465,0.036,0.0575
8,"VQC parity (global), trained",0.9345,0.923,0.945,0.0,0.0,0.0
8,VQC parity theta + refit linear head (frozen theta),0.949,0.939,0.9585,0.0145,0.006,0.023512499999999933
8,"VQC linear head, co-trained",0.961,0.9519875,0.969,0.0265,0.018,0.0355
8,"VQC parity (global), trained minus kernel C=1",,,,-0.025,-0.034,-0.016
8,"VQC linear head, co-trained minus kernel C=1",,,,0.0015,-0.004,0.007
8,"VQC parity (global), trained minus kernel C=100",,,,-0.0465,-0.0575,-0.036
8,"VQC linear head, co-trained minus kernel C=100",,,,-0.02,-0.028,-0.0135
16,kernel C=1,0.961,0.952,0.9695,0.043,0.032,0.0545
16,kernel C=100,0.984,0.9785,0.989,0.066,0.0545,0.07851249999999993
16,"VQC parity (global), trained",0.918,0.9055,0.9295,0.0,0.0,0.0
16,VQC parity theta + refit linear head (frozen theta),0.9465,0.9365,0.956,0.0285,0.0195,0.0375
16,"VQC linear head, co-trained",0.9665,0.958,0.9745,0.0485,0.037,0.06
16,"VQC parity (global), trained minus kernel C=1",,,,-0.043,-0.0545,-0.032
16,"VQC linear head, co-trained minus kernel C=1",,,,0.0055,0.0,0.011
16,"VQC parity (global), trained minus kernel C=100",,,,-0.066,-0.07851249999999999,-0.0545
16,"VQC linear head, co-trained minus kernel C=100",,,,-0.0175,-0.0245,-0.011
