rules,set,n,component,named_title_or_abstract,share_title_or_abstract,named_title,share_title
default,all,929,encoding,274,0.2949,46,0.0495
default,all,929,ansatz,307,0.3305,44,0.0474
default,all,929,training,226,0.2433,29,0.0312
default,all,929,readout,97,0.1044,9,0.0097
default,top100,100,encoding,32,0.32,6,0.06
default,top100,100,ansatz,26,0.26,3,0.03
default,top100,100,training,28,0.28,3,0.03
default,top100,100,readout,12,0.12,2,0.02
strict,all,929,encoding,163,0.1755,27,0.0291
strict,all,929,ansatz,113,0.1216,17,0.0183
strict,all,929,training,179,0.1927,17,0.0183
strict,all,929,readout,36,0.0388,2,0.0022
strict,top100,100,encoding,18,0.18,3,0.03
strict,top100,100,ansatz,12,0.12,1,0.01
strict,top100,100,training,23,0.23,2,0.02
strict,top100,100,readout,8,0.08,1,0.01
no-entangle,all,929,encoding,274,0.2949,46,0.0495
no-entangle,all,929,ansatz,179,0.1927,27,0.0291
no-entangle,all,929,training,226,0.2433,29,0.0312
no-entangle,all,929,readout,97,0.1044,9,0.0097
no-entangle,top100,100,encoding,32,0.32,6,0.06
no-entangle,top100,100,ansatz,16,0.16,3,0.03
no-entangle,top100,100,training,28,0.28,3,0.03
no-entangle,top100,100,readout,12,0.12,2,0.02
