arm,metric,diff_vs_parity,ci_lo,ci_hi,paired_p,dz,welch_p
frozen_theta/global_parity,internal,-0.3160150823576107,-0.5002136705914408,-0.13181649412378058,0.008883452087446075,-1.7041804909155187,0.005473241892138707
frozen_theta/global_parity,kddtest,-0.23207948899929026,-0.3636259718446606,-0.10053300615391988,0.008053744931532832,-1.7524740455473873,0.000536671520308232
frozen_theta/global_parity,novel_recall,-0.07249466950959489,-0.28970141574923625,0.1447120767300465,0.40655124695236355,-0.3315330587105534,0.5209506638920176
frozen_theta/best_fixed,internal,0.036078587021234364,0.009316967908690778,0.06284020613377794,0.02006772052290935,1.339156122712501,0.04952548592907982
frozen_theta/best_fixed,kddtest,0.08635557132718238,0.0009293132997363063,0.17178182935462846,0.048482040479731835,1.004137195632098,0.027450383004757155
frozen_theta/best_fixed,novel_recall,0.018976545842217463,-0.04954691259777651,0.08750000428221143,0.484839920892634,0.2750882027144434,0.7348741386394552
frozen_theta/linear_head,internal,0.051716610438579114,0.021294805086436035,0.08213841579072219,0.009172161111552949,1.6886480614126744,0.015314480861674487
frozen_theta/linear_head,kddtest,0.09426898509581264,0.00793050754308125,0.18060746264854402,0.038724594708966435,1.084572332137212,0.02154757587852395
frozen_theta/linear_head,novel_recall,0.0007995735607675858,-0.1027018227802003,0.10430096990173547,0.9839150042854076,0.007673726070709873,0.9850539727017339
frozen_theta/mlp_head,internal,0.12689025600317516,0.08881137598297276,0.16496913602337757,0.0007588034856328186,3.3100776602339614,0.000634687222223641
frozen_theta/mlp_head,kddtest,0.07190383250532295,-0.0006818486381703903,0.1444895136488163,0.05135521848992514,0.9840001360955611,0.05175679561030674
frozen_theta/mlp_head,novel_recall,-0.24440298507462685,-0.3863784500087234,-0.1024275201405303,0.008778758333730177,-1.7099652408903852,0.0014512983810907004
cotrained/linear_head,internal,0.09208176225441556,0.054620432206133655,0.12954309230269745,0.0024104208117670446,2.4416561597809014,0.001662163703106061
cotrained/linear_head,kddtest,0.09275195173882185,0.00615034744484011,0.1793535560328036,0.040996783893865345,1.0638764505680778,0.023059588288540628
cotrained/linear_head,novel_recall,-0.04781449893390195,-0.20899707781515137,0.11336807994734745,0.4564245208069822,-0.2946697705444635,0.31698395439177696
reference/logreg_on_xhat,internal,0.09513792419130773,0.05859444722167651,0.13168140116093902,0.0019433059935605184,2.586055736959128,0.001943305993560521
reference/logreg_on_xhat,kddtest,0.05897799858055364,-0.01463738552433639,0.13259338268544363,0.09017133383165919,0.7958212367050237,0.0901713338316591
reference/logreg_on_xhat,novel_recall,-0.14205756929637536,-0.24962381473837003,-0.034491323854380654,0.021453017914033357,-1.311844761284436,0.021453017914033316
