C,N,contrast,metric,diff,ci_lo,ci_hi,paired_p,dz
1.0,4,angle_ry - amplitude,separability_auc,0.19142963181423314,0.18595436893601883,0.19690489469244746,6.752598578567152e-08,34.729478719115704
1.0,4,angle_ry - amplitude,kernel_svm_acc,0.03730000000000002,0.02919820187860528,0.04540179812139476,0.00021585890509795503,4.57321364359322
1.0,4,angle_phase - amplitude,separability_auc,0.21735313368197104,0.21173010242569554,0.22297616493824654,4.520244408882361e-08,38.39630956181902
1.0,4,angle_phase - amplitude,kernel_svm_acc,0.038900000000000025,0.031215714785754432,0.04658428521424562,0.00014869435686663197,5.028520226249139
1.0,8,angle_ry - amplitude,separability_auc,0.20178611339842992,0.19706079489326858,0.20651143190359125,3.034926615561181e-08,42.418398179191186
1.0,8,angle_ry - amplitude,kernel_svm_acc,0.011899999999999999,0.009776427834526605,0.014023572165473393,9.963413915658577e-05,5.566394895868649
1.0,8,angle_phase - amplitude,separability_auc,0.2373378425731739,0.2315375918649652,0.24313809328138258,3.599893872713091e-08,40.64567128002278
1.0,8,angle_phase - amplitude,kernel_svm_acc,0.023400000000000042,0.02212767301425422,0.024672326985745865,8.802718676988258e-07,18.268849365596992
1.0,16,angle_ry - amplitude,separability_auc,0.20803879607121245,0.20611025499875474,0.20996733714367016,7.455913361681795e-10,107.15427822632212
1.0,16,angle_ry - amplitude,kernel_svm_acc,-0.0032999999999999917,-0.008705161767241561,0.0021051617672415784,0.16530230205686092,-0.6064560315520021
1.0,16,angle_phase - amplitude,separability_auc,0.23669255783146012,0.2313640408234725,0.24202107483944774,2.5923376707967383e-08,44.12374058471154
1.0,16,angle_phase - amplitude,kernel_svm_acc,0.0064000000000000055,0.0013869978459713035,0.011413002154028708,0.023913618217363427,1.2681661558222581
100.0,4,angle_ry - amplitude,separability_auc,0.19142963181423314,0.18595436893601883,0.19690489469244746,6.752598578567152e-08,34.729478719115704
100.0,4,angle_ry - amplitude,kernel_svm_acc,0.03990000000000005,0.031647370117657565,0.04815262988234253,0.0001781449590633393,4.802579951812191
100.0,4,angle_phase - amplitude,separability_auc,0.21735313368197104,0.21173010242569554,0.22297616493824654,4.520244408882361e-08,38.39630956181902
100.0,4,angle_phase - amplitude,kernel_svm_acc,0.054000000000000006,0.04536396133579977,0.06263603866420024,6.461486106390306e-05,6.211167736518014
100.0,8,angle_ry - amplitude,separability_auc,0.20178611339842992,0.19706079489326858,0.20651143190359125,3.034926615561181e-08,42.418398179191186
100.0,8,angle_ry - amplitude,kernel_svm_acc,0.010399999999999965,0.005787422967016324,0.015012577032983605,0.003321572382505715,2.2396687125619485
100.0,8,angle_phase - amplitude,separability_auc,0.2373378425731739,0.2315375918649652,0.24313809328138258,3.599893872713091e-08,40.64567128002278
100.0,8,angle_phase - amplitude,kernel_svm_acc,0.012799999999999968,0.007802398810643943,0.017797601189355992,0.0020663783291482154,2.5441484543997563
100.0,16,angle_ry - amplitude,separability_auc,0.20803879607121245,0.20611025499875474,0.20996733714367016,7.455913361681795e-10,107.15427822632212
100.0,16,angle_ry - amplitude,kernel_svm_acc,0.006899999999999973,0.003216629334016023,0.010583370665983922,0.006511361022498006,1.8607916203985475
100.0,16,angle_phase - amplitude,separability_auc,0.23669255783146012,0.2313640408234725,0.24202107483944774,2.5923376707967383e-08,44.12374058471154
100.0,16,angle_phase - amplitude,kernel_svm_acc,0.010199999999999987,0.005583246798634467,0.014816753201365506,0.003579820832525307,2.194611187434909
