C,encoding,metric,diff_16_minus_4,ci_lo,ci_hi,paired_p,dz
1.0,amplitude,separability_auc,-0.06348243268578813,-0.06983427952224877,-0.05713058584932748,1.0032978164334726e-05,-9.927676559437817
1.0,amplitude,kernel_svm_acc,0.06669999999999998,0.059320190108296894,0.07407980989170307,1.497229402004676e-05,8.977899419691239
1.0,angle_ry,separability_auc,-0.04687326842880881,-0.05105350800492369,-0.04269302885269393,6.343329929012152e-06,-11.138280249532487
1.0,angle_ry,kernel_svm_acc,0.026099999999999967,0.019823760016751797,0.03237623998324814,0.0003213798417249144,4.1308083106594315
1.0,angle_phase,separability_auc,-0.044143008536299044,-0.04509505924162178,-0.04319095783097631,2.1837996871416037e-08,-46.057029664901
1.0,angle_phase,kernel_svm_acc,0.03419999999999997,0.027167861405428328,0.04123213859457161,0.0001740705066893479,4.830952424214036
100.0,amplitude,separability_auc,-0.06348243268578813,-0.06983427952224877,-0.05713058584932748,1.0032978164334726e-05,-9.927676559437817
100.0,amplitude,kernel_svm_acc,0.08050000000000004,0.07247708245242568,0.08852291754757441,9.876866518776801e-06,9.966843235039658
100.0,angle_ry,separability_auc,-0.04687326842880881,-0.05105350800492369,-0.04269302885269393,6.343329929012152e-06,-11.138280249532487
100.0,angle_ry,kernel_svm_acc,0.047499999999999966,0.042494692404849155,0.05250530759515078,1.2330608088669234e-05,9.426639828779868
100.0,angle_phase,separability_auc,-0.044143008536299044,-0.04509505924162178,-0.04319095783097631,2.1837996871416037e-08,-46.057029664901
100.0,angle_phase,kernel_svm_acc,0.036700000000000024,0.033868570446035494,0.039531429553964555,3.558945791547418e-06,12.875211723427249
