C,N,encoding,qubits,auc_mean,auc_sd,acc_mean,acc_sd,nsv_mean
1.0,4,amplitude,2,0.6104697888100847,0.007475407948600299,0.8939,0.0028809720581775963,646.6
1.0,4,angle_phase,4,0.8278229224920558,0.008389725895065467,0.9328,0.004147288270665499,305.4
1.0,4,angle_ry,4,0.8018994206243178,0.007050262294096368,0.9312000000000001,0.0042807709586007905,329.4
1.0,8,amplitude,3,0.5579871689829412,0.004678216420267993,0.9421999999999999,0.0051550945675127805,384.0
1.0,8,angle_phase,8,0.795325011556115,0.006899563656519311,0.9655999999999999,0.00421900462194581,214.0
1.0,8,angle_ry,8,0.7597732823813712,0.0038905535718862976,0.9541000000000001,0.004449719092257419,264.6
1.0,16,amplitude,4,0.5469873561242966,0.004757966233301248,0.9606000000000001,0.003342902930089333,322.2
1.0,16,angle_phase,16,0.7836799139557568,0.008377116669545558,0.967,0.004046603514059682,215.6
1.0,16,angle_ry,16,0.7550261521955091,0.0042459335550291966,0.9573,0.0038503246616356933,241.6
100.0,4,amplitude,2,0.6104697888100847,0.007475407948600299,0.8929,0.004378926809162274,594.6
100.0,4,angle_phase,4,0.8278229224920558,0.008389725895065467,0.9469000000000001,0.0033800887562311283,247.4
100.0,4,angle_ry,4,0.8018994206243178,0.007050262294096368,0.9328000000000001,0.0032901367752724044,282.4
100.0,8,amplitude,3,0.5579871689829412,0.004678216420267993,0.9679,0.0030495901363953837,189.8
100.0,8,angle_phase,8,0.795325011556115,0.006899563656519311,0.9807,0.004410215414239977,97.4
100.0,8,angle_ry,8,0.7597732823813712,0.0038905535718862976,0.9783,0.004266145801540319,129.8
100.0,16,amplitude,4,0.5469873561242966,0.004757966233301248,0.9734,0.002966479394838265,138.8
100.0,16,angle_phase,16,0.7836799139557568,0.008377116669545558,0.9836,0.004114000486144842,106.2
100.0,16,angle_ry,16,0.7550261521955091,0.0042459335550291966,0.9803000000000001,0.002224859546128696,119.4
