encoding,N,this_mean,this_sd,pub_mean,pub_sd,diff,welch_p
amplitude,4,0.6104697888100847,0.007475407948600299,0.647,0.018,-0.036530211189915285,0.007420249594668466
amplitude,8,0.5579871689829412,0.004678216420267993,0.563,0.018,-0.005012831017058739,0.5755460118433101
amplitude,16,0.5469873561242966,0.004757966233301248,0.56,0.018,-0.013012643875703445,0.18446169603138104
angle_ry,4,0.8018994206243178,0.007050262294096368,0.763,0.014,0.03889942062431784,0.0015247250272504946
angle_ry,8,0.7597732823813712,0.0038905535718862976,0.752,0.018,0.007773282381371205,0.3944171525732745
angle_ry,16,0.7550261521955091,0.0042459335550291966,0.749,0.016,0.00602615219550906,0.4560201662333071
angle_phase,4,0.8278229224920558,0.008389725895065467,0.787,0.017,0.04082292249205577,0.0031810981921814177
angle_phase,8,0.795325011556115,0.006899563656519311,0.763,0.021,0.032325011556115,0.023185315591006114
angle_phase,16,0.7836799139557568,0.008377116669545558,0.762,0.02,0.021679913955756747,0.07201859265971478
