contrast,metric,diff,ci_lo,ci_hi,paired_p,welch_p,dz
norm5q - shuffled5q (does the norm carry the gain?),internal,0.020519944433419313,-0.020049855102196458,0.06108974396903508,0.23291134316824144,0.33757097690147064,0.5024205500596745
norm5q - shuffled5q (does the norm carry the gain?),kddtest,0.018922995031937527,-0.07183164767018918,0.10967763773406425,0.593685780132901,0.6883786910554566,0.20711669150823436
norm5q - shuffled5q (does the norm carry the gain?),novel_recall,-0.03294243070362478,-0.11781281539945399,0.05192795399220443,0.3418330942425324,0.5163264997044027,-0.3855613980269686
norm5q - base4q (does restoring the norm beat the published circuit?),internal,-0.011827743599920648,-0.04446699052706992,0.02081150332722862,0.3712804622866853,0.6087867016806042,-0.3599613297643971
norm5q - base4q (does restoring the norm beat the published circuit?),kddtest,-0.029790631653655097,-0.08529773034421077,0.025716467036900576,0.21044337715633393,0.5737105548576594,-0.533120349370906
norm5q - base4q (does restoring the norm beat the published circuit?),novel_recall,-0.07574626865671645,-0.16313017840669253,0.011637641093259612,0.07381958497823292,0.1817075398776544,-0.8610410320015763
shuffled5q - base4q (price of the extra qubit alone),internal,-0.03234768803333996,-0.0607437926927574,-0.003951583373922523,0.034091896173535495,0.07703576595488709,-1.1315625192360157
shuffled5q - base4q (price of the extra qubit alone),kddtest,-0.04871362668559263,-0.09280315465079604,-0.004624098720389214,0.037378930745652364,0.14690734572621933,-1.097511527457052
shuffled5q - base4q (price of the extra qubit alone),novel_recall,-0.04280383795309167,-0.19387699441628506,0.10826931851010171,0.4754728016040011,0.43278703004726005,-0.2814423730360092
