contrast,metric,diff,ci_lo,ci_hi,p,dz
"norm 5q (reps 4) - 4q reps 4  [extra qubit + norm, depth matched]",internal,-0.01162929152609644,-0.0764033737662755,0.05314479071408261,0.6443150066060812,-0.17833889250985882
"norm 5q (reps 4) - 4q reps 4  [extra qubit + norm, depth matched]",kddtest,-0.0664655784244145,-0.22443216360418977,0.09150100675536077,0.3076005041145382,-0.41795125598474
"norm 5q (reps 4) - 4q reps 4  [extra qubit + norm, depth matched]",novel_recall,-0.09712153518123672,-0.25436121851149013,0.060118148149016684,0.1615086431581713,-0.6135464591672558
"shuffled 5q (reps 4) - 4q reps 4  [extra qubit only, depth matched]",internal,-0.03214923595951576,-0.08624159733562833,0.02194312541659682,0.17425677234182563,-0.5903761321585308
"shuffled 5q (reps 4) - 4q reps 4  [extra qubit only, depth matched]",kddtest,-0.08538857345635202,-0.20775095766811624,0.0369738107554122,0.12473569375416278,-0.6931798081687687
"shuffled 5q (reps 4) - 4q reps 4  [extra qubit only, depth matched]",novel_recall,-0.06417910447761194,-0.2528113412106574,0.1244531322554335,0.39833035631624264,-0.3379650683126252
norm 5q - shuffled 5q  [norm only],internal,0.020519944433419313,-0.020049855102196458,0.06108974396903508,0.23291134316824144,0.5024205500596745
norm 5q - shuffled 5q  [norm only],kddtest,0.018922995031937527,-0.07183164767018918,0.10967763773406425,0.593685780132901,0.20711669150823436
norm 5q - shuffled 5q  [norm only],novel_recall,-0.03294243070362478,-0.11781281539945399,0.05192795399220443,0.3418330942425324,-0.3855613980269686
4q reps 4 - 4q reps 5  [depth only],internal,-0.00019845207382420682,-0.06772692482257743,0.067330020674929,0.9938805407799239,-0.0029191928726502135
4q reps 4 - 4q reps 5  [depth only],kddtest,0.0366749467707594,-0.09963954026185366,0.17298943380337245,0.49658447445580617,0.26725236345801723
4q reps 4 - 4q reps 5  [depth only],novel_recall,0.021375266524520264,-0.0876752123413005,0.13042574539034102,0.6152071202801186,0.19470541841939962
