metric,N,arm,readout,baseline,n,circuit,base,diff_pts,ci_lo_pts,ci_hi_pts,p
internal,4,angle,head,logreg_x,5,0.9297876562810081,0.9262155189521731,0.35721373288350566,0.12279947671005702,0.5916279890569544,0.013360379406637053
internal,4,angle,head,kernel_angle_ry C=1,5,0.9297876562810081,0.9328041278031355,-0.30164715221273175,-0.5243730708838344,-0.07892123354162911,0.019770479335950362
internal,4,angle,head,kernel_angle_ry C=100,5,0.9297876562810081,0.9350267910299663,-0.5239134748958119,-0.7631985311392866,-0.28462841865233723,0.0037005668010486993
internal,4,angle,global,logreg_x,5,0.9064893828140506,0.9262155189521731,-1.9726136138122685,-4.935471609294483,0.9902443816699462,0.13822898628422578
internal,4,angle,global,kernel_angle_ry C=1,5,0.9064893828140506,0.9328041278031355,-2.631474498908506,-5.680134744148485,0.4171857463314738,0.07463839610542797
internal,4,angle,global,kernel_angle_ry C=100,5,0.9064893828140506,0.9350267910299663,-2.853740821591586,-5.909701637522592,0.2022199943394195,0.06051013522084088
internal,4,amplitude,head,logreg_xhat,5,0.8849374875967454,0.9232784282595754,-3.834094066282993,-4.342501106377782,-3.325687026188205,3.0747844265650326e-05
internal,4,amplitude,head,kernel_amplitude C=1,5,0.8849374875967454,0.8977574915657869,-1.282000396904146,-1.6960145328266754,-0.8679862609816167,0.0010058025514576802
internal,4,amplitude,head,kernel_amplitude C=100,5,0.8849374875967454,0.8963286366342528,-1.139114903750742,-1.6376326270869366,-0.6405971804145474,0.003161769201703075
internal,4,amplitude,global,logreg_xhat,5,0.824171462591784,0.9232784282595754,-9.910696566779125,-13.88191061882676,-5.9394825147314885,0.002277457374753448
internal,4,amplitude,global,kernel_amplitude C=1,5,0.824171462591784,0.8977574915657869,-7.358602897400276,-11.227542731525379,-3.4896630632751746,0.006167164530034221
internal,4,amplitude,global,kernel_amplitude C=100,5,0.824171462591784,0.8963286366342528,-7.215717404246873,-11.244311606297245,-3.187123202196501,0.007635404248289228
internal,4,amplitude,q0,logreg_xhat,5,0.8041674935503076,0.9232784282595754,-11.911093470926772,-12.329774345424967,-11.49241259642858,1.5397737930130026e-07
internal,4,amplitude,q0,kernel_amplitude C=1,5,0.8041674935503076,0.8977574915657869,-9.358999801547926,-9.658061712527,-9.05993789056885,1.0518120348366722e-07
internal,4,amplitude,q0,kernel_amplitude C=100,5,0.8041674935503076,0.8963286366342528,-9.216114308394522,-9.781947756510876,-8.650280860278166,1.4300245170973963e-06
internal,8,angle,head,logreg_x,5,0.9597142290136931,0.9521333597936097,0.758086922008343,0.4428158885528304,1.0733579554638557,0.0026165857870985416
internal,8,angle,head,kernel_angle_ry C=1,5,0.9597142290136931,0.9564993054177415,0.3214923595951569,0.13924829461950222,0.5037364245708115,0.008056373575578982
internal,8,angle,head,kernel_angle_ry C=100,5,0.9597142290136931,0.9786068664417543,-1.8892637428061132,-2.0576544694220567,-1.7208730161901695,6.328769993540723e-06
internal,8,angle,global,logreg_x,5,0.9181980551696766,0.9521333597936097,-3.393530462393326,-5.013294915469228,-1.7737660093174241,0.0043483948562496304
internal,8,angle,global,kernel_angle_ry C=1,5,0.9181980551696766,0.9564993054177415,-3.8301250248065117,-5.243393514563012,-2.416856535050012,0.0016701655815827324
internal,8,angle,global,kernel_angle_ry C=100,5,0.9181980551696766,0.9786068664417543,-6.040881127207783,-7.616234504338404,-4.46552775007716,0.000440742541041747
internal,8,amplitude,head,logreg_xhat,5,0.9380432625520937,0.9403453066084542,-0.2302044056360386,-0.9821813618267682,0.5217725505546911,0.44322963557854034
internal,8,amplitude,head,kernel_amplitude C=1,5,0.9380432625520937,0.9445524905735265,-0.6509228021432789,-1.130126866573929,-0.17171873771262888,0.01958141430025001
internal,8,amplitude,head,kernel_amplitude C=100,5,0.9380432625520937,0.9679301448700139,-2.9886882317920205,-3.8705497467805263,-2.106826716803514,0.0007109861367931101
internal,8,amplitude,global,logreg_xhat,5,0.8732288152411192,0.9403453066084542,-6.71164913673348,-8.555075290063362,-4.868222983403599,0.0005389706547433407
internal,8,amplitude,global,kernel_amplitude C=1,5,0.8732288152411192,0.9445524905735265,-7.13236753324072,-8.971193131994069,-5.293541934487371,0.00042156143432837956
internal,8,amplitude,global,kernel_amplitude C=100,5,0.8732288152411192,0.9679301448700139,-9.470132962889462,-10.800568719209922,-8.139697206569,3.866957573996227e-05
internal,8,amplitude,q0,logreg_xhat,5,0.8813653502679104,0.9403453066084542,-5.897995634054378,-7.9075206165103,-3.8884706515984573,0.0012341305246744696
internal,8,amplitude,q0,kernel_amplitude C=1,5,0.8813653502679104,0.9445524905735265,-6.318714030561619,-8.307830740724674,-4.329597320398563,0.0009119864288997424
internal,8,amplitude,q0,kernel_amplitude C=100,5,0.8813653502679104,0.9679301448700139,-8.65647946021036,-10.32256997746264,-6.99038894295808,0.0001342262095839631
internal,16,angle,head,logreg_x,1,0.9654693391545942,0.9555467354633856,0.9922603691208565,,,
internal,16,angle,head,kernel_angle_ry C=1,1,0.9654693391545942,0.9591188727922206,0.6350466362373575,,,
internal,16,angle,head,kernel_angle_ry C=100,1,0.9654693391545942,0.981345505060528,-1.587616590593377,,,
internal,16,angle,global,logreg_x,1,0.919031553879738,0.9555467354633856,-3.651518158364764,,,
internal,16,angle,global,kernel_angle_ry C=1,1,0.919031553879738,0.9591188727922206,-4.008731891248263,,,
internal,16,angle,global,kernel_angle_ry C=100,1,0.919031553879738,0.981345505060528,-6.231395118078997,,,
internal,16,amplitude,head,logreg_xhat,5,0.9487993649533639,0.9467354633855924,0.20639015677713868,-0.9897305872009771,1.4025109007552545,0.6568992613071749
internal,16,amplitude,head,kernel_amplitude C=1,5,0.9487993649533639,0.961897201825759,-1.3097836872395296,-1.9131128587909427,-0.7064545156881166,0.003818074972854028
internal,16,amplitude,head,kernel_amplitude C=100,5,0.9487993649533639,0.974161539988093,-2.5362175034729106,-2.927149608870724,-2.145285398075097,5.5844815521336065e-05
internal,16,amplitude,global,logreg_xhat,5,0.8884699345108157,0.9467354633855924,-5.826552887477678,-6.938627493442158,-4.714478281513198,0.00012987450938574844
internal,16,amplitude,global,kernel_amplitude C=1,5,0.8884699345108157,0.961897201825759,-7.342726731494347,-8.312534010734055,-6.372919452254639,3.026798257493501e-05
internal,16,amplitude,global,kernel_amplitude C=100,5,0.8884699345108157,0.974161539988093,-8.569160547727728,-9.546048058370966,-7.592273037084491,1.6863763010882508e-05
internal,16,amplitude,q0,logreg_xhat,5,0.8793411391149037,0.9467354633855924,-6.7394324270688655,-9.187012389042236,-4.291852465095496,0.001572773159361028
internal,16,amplitude,q0,kernel_amplitude C=1,5,0.8793411391149037,0.961897201825759,-8.255606271085533,-10.514065728422944,-5.997146813748124,0.000530700588971995
internal,16,amplitude,q0,kernel_amplitude C=100,5,0.8793411391149037,0.974161539988093,-9.482040087318914,-11.7329861817727,-7.231093992865128,0.00030561383359850326
kddtest,4,angle,head,logreg_x,5,0.7547551454932575,0.7654009936124911,-1.0645848119233503,-1.4788017115129295,-0.650367912333771,0.002039675230865211
kddtest,4,angle,head,kernel_angle_ry C=1,5,0.7547551454932575,0.732168204400284,2.2586941092973722,1.8326466114922682,2.684741607102476,0.00012397974041162082
kddtest,4,angle,head,kernel_angle_ry C=100,5,0.7547551454932575,0.7414300922640169,1.3325053229240558,0.6459068827065602,2.019103763141551,0.005736600891950111
kddtest,4,angle,global,logreg_x,5,0.7482611781405252,0.7654009936124911,-1.7139815471965925,-2.5832062895724,-0.8447568048207852,0.005417353232574793
kddtest,4,angle,global,kernel_angle_ry C=1,5,0.7482611781405252,0.732168204400284,1.6092973740241303,0.8974941460416858,2.3211006020065748,0.003288244297435847
kddtest,4,angle,global,kernel_angle_ry C=100,5,0.7482611781405252,0.7414300922640169,0.6831085876508136,-0.3627233153061831,1.7289404906078103,0.1439607812029546
kddtest,4,amplitude,head,logreg_xhat,5,0.8169535131298792,0.7673172462739531,4.963626685592615,4.484374528163449,5.442878843021781,8.704852460593254e-06
kddtest,4,amplitude,head,kernel_amplitude C=1,5,0.8169535131298792,0.8382718239886444,-2.131831085876512,-2.5349619938167987,-1.7287001779362254,0.00012521469689026358
kddtest,4,amplitude,head,kernel_amplitude C=100,5,0.8169535131298792,0.8397267565649397,-2.2773243435060353,-3.5033283092008203,-1.0513203778112508,0.006710537032303967
kddtest,4,amplitude,global,logreg_xhat,5,0.6855039034776438,0.7673172462739531,-8.181334279630947,-17.37680720206737,1.014138642805472,0.06892899084174471
kddtest,4,amplitude,global,kernel_amplitude C=1,5,0.6855039034776438,0.8382718239886444,-15.276792051100074,-24.362080094791754,-6.191504007408395,0.009528565955649652
kddtest,4,amplitude,global,kernel_amplitude C=100,5,0.6855039034776438,0.8397267565649397,-15.422285308729597,-24.340730387986937,-6.503840229472259,0.00864066347425666
kddtest,4,amplitude,q0,logreg_xhat,5,0.6362136266855927,0.7673172462739531,-13.110361958836059,-14.483239588648855,-11.737484329023262,1.2026965444626194e-05
kddtest,4,amplitude,q0,kernel_amplitude C=1,5,0.6362136266855927,0.8382718239886444,-20.205819730305183,-21.837157758575216,-18.574481702035147,4.2659972647720245e-06
kddtest,4,amplitude,q0,kernel_amplitude C=100,5,0.6362136266855927,0.8397267565649397,-20.351312987934705,-22.95104313223303,-17.75158284363638,2.651148197630634e-05
kddtest,8,angle,head,logreg_x,5,0.7516146202980837,0.7610184528034066,-0.9403832505322929,-2.032311875540701,0.1515453744761152,0.07507713375801084
kddtest,8,angle,head,kernel_angle_ry C=1,5,0.7516146202980837,0.7479684173172463,0.36462029808374874,-0.7962936483957115,1.5255342445632087,0.432409814149497
kddtest,8,angle,head,kernel_angle_ry C=100,5,0.7516146202980837,0.7728264726756565,-2.121185237757275,-3.3850480413552306,-0.8573224341593189,0.009590956629318371
kddtest,8,angle,global,logreg_x,5,0.7594215755855216,0.7610184528034066,-0.15968772178849955,-1.5923344423328034,1.2729589987558043,0.7724135111865943
kddtest,8,angle,global,kernel_angle_ry C=1,5,0.7594215755855216,0.7479684173172463,1.145315826827542,-0.9028637461761986,3.1934953998312823,0.19548471223485533
kddtest,8,angle,global,kernel_angle_ry C=100,5,0.7594215755855216,0.7728264726756565,-1.3404897090134815,-2.916089232459079,0.2351098144321162,0.07748135409925946
kddtest,8,amplitude,head,logreg_xhat,5,0.7900195173882187,0.7959190915542939,-0.5899574166075205,-3.176656103459694,1.9967412702446528,0.560978375028715
kddtest,8,amplitude,head,kernel_amplitude C=1,5,0.7900195173882187,0.791279276082328,-0.1259758694109281,-2.150825918664305,1.8988741798424489,0.8712468488916919
kddtest,8,amplitude,head,kernel_amplitude C=100,5,0.7900195173882187,0.8275372604684174,-3.751774308019873,-6.304719550066277,-1.1988290659734682,0.015095617068739478
kddtest,8,amplitude,global,logreg_xhat,5,0.7541075230660041,0.7959190915542939,-4.181156848828958,-9.355973918261828,0.9936602206039133,0.08829665313114726
kddtest,8,amplitude,global,kernel_amplitude C=1,5,0.7541075230660041,0.791279276082328,-3.7171753016323654,-8.979151933964692,1.5448013306999617,0.12136781782889228
kddtest,8,amplitude,global,kernel_amplitude C=100,5,0.7541075230660041,0.8275372604684174,-7.34297374024131,-12.181717435519216,-2.5042300449634047,0.013549583645699532
kddtest,8,amplitude,q0,logreg_xhat,5,0.7839779985805536,0.7959190915542939,-1.194109297374022,-8.991087637483123,6.60286904273508,0.6925589165703008
kddtest,8,amplitude,q0,kernel_amplitude C=1,5,0.7839779985805536,0.791279276082328,-0.7301277501774295,-7.712950456074967,6.2526949557201075,0.7860102142891171
kddtest,8,amplitude,q0,kernel_amplitude C=100,5,0.7839779985805536,0.8275372604684174,-4.355926188786374,-11.101656096210341,2.3898037186375927,0.14746280739923123
kddtest,16,angle,head,logreg_x,1,0.7447214336408801,0.7585166784953868,-1.3795244854506783,,,
kddtest,16,angle,head,kernel_angle_ry C=1,1,0.7447214336408801,0.7489797728885734,-0.42583392476933657,,,
kddtest,16,angle,head,kernel_angle_ry C=100,1,0.7447214336408801,0.7459634492547906,-0.12420156139105742,,,
kddtest,16,angle,global,logreg_x,1,0.7824254790631654,0.7585166784953868,2.3908800567778554,,,
kddtest,16,angle,global,kernel_angle_ry C=1,1,0.7824254790631654,0.7489797728885734,3.344570617459197,,,
kddtest,16,angle,global,kernel_angle_ry C=100,1,0.7824254790631654,0.7459634492547906,3.6462029808374763,,,
kddtest,16,amplitude,head,logreg_xhat,5,0.8068843151171043,0.7698012775017743,3.708303761533001,1.9140536249924904,5.502553898073511,0.00456921855925061
kddtest,16,amplitude,head,kernel_amplitude C=1,5,0.8068843151171043,0.8147444996451384,-0.7860184528034053,-2.8672227328143984,1.295185827207588,0.3535420396565167
kddtest,16,amplitude,head,kernel_amplitude C=100,5,0.8068843151171043,0.799707239176721,0.717707594038326,-1.1520264065192753,2.5874415945959273,0.34659072584139533
kddtest,16,amplitude,global,logreg_xhat,5,0.7694907735982968,0.7698012775017743,-0.031050390347764356,-4.6788290310042235,4.616728250308695,0.9860895603695917
kddtest,16,amplitude,global,kernel_amplitude C=1,5,0.7694907735982968,0.8147444996451384,-4.52537260468417,-9.039981841888117,-0.010763367480224467,0.04966266698767758
kddtest,16,amplitude,global,kernel_amplitude C=100,5,0.7694907735982968,0.799707239176721,-3.021646557842439,-6.723939961481013,0.6806468457961339,0.08610635191209601
kddtest,16,amplitude,q0,logreg_xhat,5,0.7450585521646558,0.7698012775017743,-2.4742725337118543,-10.953515156889043,6.004970089465336,0.4632839037567536
kddtest,16,amplitude,q0,kernel_amplitude C=1,5,0.7450585521646558,0.8147444996451384,-6.968594748048259,-15.881239072365327,1.9440495762688068,0.09572014644390624
kddtest,16,amplitude,q0,kernel_amplitude C=100,5,0.7450585521646558,0.799707239176721,-5.4648687012065285,-12.94307416792258,2.0133367655095236,0.11234682588397475
novel_recall,4,angle,head,logreg_x,5,0.451226012793177,0.517004264392324,-6.577825159914714,-9.06218896098738,-4.09346135884205,0.001823736611358984
novel_recall,4,angle,head,kernel_angle_ry C=1,5,0.451226012793177,0.32452025586353944,12.670575692963753,10.3186621916502,15.022489194277307,0.00011637603245130583
novel_recall,4,angle,head,kernel_angle_ry C=100,5,0.451226012793177,0.3681769722814499,8.30490405117271,4.354254555309721,12.255553547035698,0.00429518228144784
novel_recall,4,angle,global,logreg_x,5,0.4340085287846482,0.517004264392324,-8.299573560767593,-16.14377515653384,-0.45537196500134297,0.04248961386336428
novel_recall,4,angle,global,kernel_angle_ry C=1,5,0.4340085287846482,0.32452025586353944,10.948827292110877,4.326741521389037,17.570913062832716,0.010102858232124388
novel_recall,4,angle,global,kernel_angle_ry C=100,5,0.4340085287846482,0.3681769722814499,6.5831556503198305,-1.0300504986747159,14.196361799314378,0.07429200055378524
novel_recall,4,amplitude,head,logreg_xhat,5,0.6054371002132196,0.5156716417910447,8.976545842217485,6.473735824724527,11.479355859710441,0.0005712436423589701
novel_recall,4,amplitude,head,kernel_amplitude C=1,5,0.6054371002132196,0.7023987206823028,-9.696162046908315,-10.73831488584961,-8.65400920796702,1.3341191556092665e-05
novel_recall,4,amplitude,head,kernel_amplitude C=100,5,0.6054371002132196,0.6494669509594883,-4.402985074626862,-10.307322594813076,1.501352445559352,0.10717528506150906
novel_recall,4,amplitude,global,logreg_xhat,5,0.5565565031982942,0.5156716417910447,4.088486140724947,-0.0986843904738563,8.27565667192375,0.05348144566867478
novel_recall,4,amplitude,global,kernel_amplitude C=1,5,0.5565565031982942,0.7023987206823028,-14.584221748400852,-18.525351359012067,-10.643092137789637,0.0005060611437544808
novel_recall,4,amplitude,global,kernel_amplitude C=100,5,0.5565565031982942,0.6494669509594883,-9.2910447761194,-16.827391404007646,-1.754698148231154,0.026709263495928254
novel_recall,4,amplitude,q0,logreg_xhat,5,0.5389125799573561,0.5156716417910447,2.32409381663113,0.920567285356564,3.7276203479056953,0.010049780365096602
novel_recall,4,amplitude,q0,kernel_amplitude C=1,5,0.5389125799573561,0.7023987206823028,-16.34861407249467,-20.073833386122754,-12.623394758866583,0.0002603903645132374
novel_recall,4,amplitude,q0,kernel_amplitude C=100,5,0.5389125799573561,0.6494669509594883,-11.055437100213217,-19.478124237746684,-2.6327499626797466,0.021881299529719525
novel_recall,8,angle,head,logreg_x,5,0.29930703624733473,0.4073560767590618,-10.804904051172707,-13.800779040792035,-7.809029061553381,0.000559073665230511
novel_recall,8,angle,head,kernel_angle_ry C=1,5,0.29930703624733473,0.3118869936034115,-1.2579957356076776,-4.29190345814985,1.7759119869344948,0.3137666718226522
novel_recall,8,angle,head,kernel_angle_ry C=100,5,0.29930703624733473,0.35170575692963746,-5.239872068230276,-13.114555340031272,2.6348112035707216,0.13839514306373274
novel_recall,8,angle,global,logreg_x,5,0.3329957356076759,0.4073560767590618,-7.436034115138593,-10.676821673594633,-4.195246556682552,0.0031135675849016686
novel_recall,8,angle,global,kernel_angle_ry C=1,5,0.3329957356076759,0.3118869936034115,2.110874200426438,-1.8283097497134069,6.050058150566283,0.21101977425547186
novel_recall,8,angle,global,kernel_angle_ry C=100,5,0.3329957356076759,0.35170575692963746,-1.87100213219616,-7.412411011616986,3.6704067472246664,0.40160650563812705
novel_recall,8,amplitude,head,logreg_xhat,5,0.5504264392324094,0.4931769722814499,5.724946695095946,-5.177791102125997,16.62768449231789,0.21861397353045925
novel_recall,8,amplitude,head,kernel_amplitude C=1,5,0.5504264392324094,0.6362473347547974,-8.58208955223881,-18.98760606771517,1.8234269632375524,0.08386535750623958
novel_recall,8,amplitude,head,kernel_amplitude C=100,5,0.5504264392324094,0.5563432835820896,-0.5916844349680217,-11.947911631631914,10.76454276169587,0.8919762338950684
novel_recall,8,amplitude,global,logreg_xhat,5,0.6639125799573561,0.4931769722814499,17.073560767590617,9.43505717534817,24.712064359833064,0.0034297315662089305
novel_recall,8,amplitude,global,kernel_amplitude C=1,5,0.6639125799573561,0.6362473347547974,2.766524520255862,-1.265467443693416,6.79851648420514,0.12948417594650363
novel_recall,8,amplitude,global,kernel_amplitude C=100,5,0.6639125799573561,0.5563432835820896,10.75692963752665,6.787681328773186,14.726177946280112,0.001670284989017709
novel_recall,8,amplitude,q0,logreg_xhat,5,0.6199893390191897,0.4931769722814499,12.681236673773984,3.9071684767086596,21.45530487083931,0.01595918693132219
novel_recall,8,amplitude,q0,kernel_amplitude C=1,5,0.6199893390191897,0.6362473347547974,-1.625799573560769,-8.543782618226137,5.292183471104599,0.5496810487165733
novel_recall,8,amplitude,q0,kernel_amplitude C=100,5,0.6199893390191897,0.5563432835820896,6.364605543710018,-2.8619360833163396,15.591147170736374,0.127972046169453
novel_recall,16,angle,head,logreg_x,1,0.3001066098081023,0.4157782515991471,-11.567164179104484,,,
novel_recall,16,angle,head,kernel_angle_ry C=1,1,0.3001066098081023,0.3486140724946695,-4.850746268656724,,,
novel_recall,16,angle,head,kernel_angle_ry C=100,1,0.3001066098081023,0.2321428571428571,6.796375266524518,,,
novel_recall,16,angle,global,logreg_x,1,0.3832622601279317,0.4157782515991471,-3.251599147121542,,,
novel_recall,16,angle,global,kernel_angle_ry C=1,1,0.3832622601279317,0.3486140724946695,3.464818763326216,,,
novel_recall,16,angle,global,kernel_angle_ry C=100,1,0.3832622601279317,0.2321428571428571,15.11194029850746,,,
novel_recall,16,amplitude,head,logreg_xhat,5,0.6000533049040512,0.4957356076759062,10.431769722814503,1.4573999908725834,19.40613945475642,0.03205669095397839
novel_recall,16,amplitude,head,kernel_amplitude C=1,5,0.6000533049040512,0.5631663113006397,3.68869936034115,-1.986532419770072,9.363931140452372,0.14545941571510346
novel_recall,16,amplitude,head,kernel_amplitude C=100,5,0.6000533049040512,0.4523987206823028,14.765458422174843,6.790844007730251,22.740072836619436,0.006787765584261634
novel_recall,16,amplitude,global,logreg_xhat,5,0.5352345415778251,0.4957356076759062,3.9498933901919013,-4.8703301395246905,12.770116919908492,0.2816334744989692
novel_recall,16,amplitude,global,kernel_amplitude C=1,5,0.5352345415778251,0.5631663113006397,-2.7931769722814517,-13.051204463028762,7.46485051846586,0.491727069645942
novel_recall,16,amplitude,global,kernel_amplitude C=100,5,0.5352345415778251,0.4523987206823028,8.28358208955224,-1.2505713459850798,17.81773552508956,0.07337456087036957
novel_recall,16,amplitude,q0,logreg_xhat,5,0.6059701492537313,0.4957356076759062,11.02345415778252,3.860030765928041,18.186877549637,0.012924008906071817
novel_recall,16,amplitude,q0,kernel_amplitude C=1,5,0.6059701492537313,0.5631663113006397,4.280383795309166,-0.4644282617136348,9.025195852331965,0.06643335103100437
novel_recall,16,amplitude,q0,kernel_amplitude C=100,5,0.6059701492537313,0.4523987206823028,15.357142857142861,6.1053530914817395,24.60893262280398,0.009965767393715944
