N,arm,ref,readout,n,gap,ci_lo,ci_hi,p
4,amplitude,C=1,q0,5,0.09358999801547925,0.0905993789056885,0.09658061712527,1.0518120348366722e-07
4,amplitude,C=1,global,5,0.07358602897400277,0.034896630632751745,0.11227542731525378,0.006167164530034221
4,amplitude,C=1,frozen_head_after_global,5,0.03290335384004763,-0.009250324659036954,0.07505703233913222,0.09611367899238597
4,amplitude,C=1,head,5,0.01282000396904146,0.008679862609816166,0.016960145328266753,0.0010058025514576802
4,amplitude,C=100,q0,5,0.09216114308394521,0.08650280860278166,0.09781947756510877,1.4300245170973963e-06
4,amplitude,C=100,global,5,0.07215717404246873,0.03187123202196501,0.11244311606297244,0.007635404248289228
4,amplitude,C=100,frozen_head_after_global,5,0.031474498908513594,-0.013184900116972403,0.07613389793399959,0.12200873498181782
4,amplitude,C=100,head,5,0.01139114903750742,0.006405971804145474,0.016376326270869365,0.003161769201703075
4,angle,C=1,q0,5,0.04540583449097033,0.03752184417222154,0.053289824809719125,8.943201444569722e-05
4,angle,C=1,global,5,0.026314744989085058,-0.004171857463314738,0.05680134744148485,0.07463839610542797
4,angle,C=1,frozen_head_after_global,5,0.005318515578487615,0.00130950962383072,0.00932752153314451,0.0211417188448176
4,angle,C=1,head,5,0.0030164715221273177,0.0007892123354162912,0.005243730708838344,0.019770479335950362
4,angle,C=100,q0,5,0.04762849771780113,0.03999175050165431,0.05526524493394795,6.527790204189968e-05
4,angle,C=100,global,5,0.028537408215915862,-0.002022199943394195,0.05909701637522592,0.06051013522084088
4,angle,C=100,frozen_head_after_global,5,0.007541178805318416,0.0034179375523572496,0.011664420058279583,0.007090812080819838
4,angle,C=100,head,5,0.005239134748958119,0.0028462841865233724,0.0076319853113928655,0.0037005668010486993
8,amplitude,C=1,q0,5,0.06318714030561619,0.043295973203985635,0.08307830740724674,0.0009119864288997424
8,amplitude,C=1,global,5,0.0713236753324072,0.05293541934487371,0.0897119313199407,0.00042156143432837956
8,amplitude,C=1,frozen_head_after_global,5,0.04139710259972218,0.03713412462227532,0.04566008057716904,1.125110057480915e-05
8,amplitude,C=1,head,5,0.006509228021432789,0.0017171873771262888,0.01130126866573929,0.01958141430025001
8,amplitude,C=100,q0,5,0.0865647946021036,0.0699038894295808,0.10322569977462641,0.0001342262095839631
8,amplitude,C=100,global,5,0.09470132962889462,0.08139697206569001,0.10800568719209923,3.866957573996227e-05
8,amplitude,C=100,frozen_head_after_global,5,0.0647747568962096,0.05518592529027869,0.0743635885021405,4.758261885330308e-05
8,amplitude,C=100,head,5,0.029886882317920204,0.021068267168035143,0.038705497467805265,0.0007109861367931101
8,angle,C=1,q0,5,0.07108553284381824,0.06722701988124093,0.07494404580639556,8.74266933668109e-07
8,angle,C=1,global,5,0.03830125024806512,0.024168565350500118,0.05243393514563012,0.0016701655815827324
8,angle,C=1,frozen_head_after_global,5,0.006191704703314138,0.0023687621165240993,0.010014647290104177,0.010849284352684108
8,angle,C=1,head,5,-0.0032149235959515686,-0.005037364245708115,-0.001392482946195022,0.008056373575578982
8,angle,C=100,q0,5,0.09319309386783095,0.08892655658611759,0.09745963114954431,4.427670882302973e-07
8,angle,C=100,global,5,0.060408811272077825,0.044655277500771605,0.07616234504338404,0.000440742541041747
8,angle,C=100,frozen_head_after_global,5,0.028299265727326838,0.024592441373740136,0.03200609008091354,2.9287708026041912e-05
8,angle,C=100,head,5,0.018892637428061132,0.017208730161901695,0.02057654469422057,6.328769993540723e-06
16,amplitude,C=1,q0,5,0.08255606271085533,0.059971468137481235,0.10514065728422943,0.000530700588971995
16,amplitude,C=1,global,5,0.07342726731494346,0.06372919452254638,0.08312534010734055,3.026798257493501e-05
16,amplitude,C=1,frozen_head_after_global,5,0.04707283191109346,0.04006548768357086,0.05408017613861606,4.864630761273973e-05
16,amplitude,C=1,head,5,0.013097836872395296,0.007064545156881166,0.019131128587909427,0.003818074972854028
16,amplitude,C=100,q0,5,0.09482040087318915,0.07231093992865129,0.117329861817727,0.00030561383359850326
16,amplitude,C=100,global,5,0.08569160547727728,0.0759227303708449,0.09546048058370965,1.6863763010882508e-05
16,amplitude,C=100,frozen_head_after_global,5,0.05933717007342727,0.054727246208801025,0.06394709393805352,3.6593081837555606e-06
16,amplitude,C=100,head,5,0.025362175034729106,0.02145285398075097,0.02927149608870724,5.5844815521336065e-05
16,angle,C=1,global,1,0.04008731891248263,,,
16,angle,C=1,frozen_head_after_global,1,0.012502480650922632,,,
16,angle,C=1,head,1,-0.006350466362373575,,,
16,angle,C=100,global,1,0.06231395118078997,,,
16,angle,C=100,frozen_head_after_global,1,0.034729112919229976,,,
16,angle,C=100,head,1,0.01587616590593377,,,
