reps,metric,new_mean,new_sd,A2_mean,A2_sd,diff,welch_p
1,internal,0.7883310180591387,0.016269197357179414,0.7824000000000001,0.013240090634130883,0.0059310180591386485,0.5455684710965603
1,kddtest,0.622986160397445,0.0104975382420662,0.6168,0.011777096416349839,0.0061861603974450174,0.4064836176787603
1,novel,0.5961087420042644,0.012916956273655432,0.5811999999999999,0.0291667619046064,0.014908742004264508,0.33964455364182633
3,internal,0.8524310379043462,0.043898657367445026,0.8513999999999999,0.03333616654626026,0.0010310379043462214,0.9677353614686578
3,kddtest,0.7138396025550036,0.07933104949626058,0.7056,0.07015554147749126,0.008239602555003556,0.8662700310487704
3,novel,0.5855543710021321,0.09502767222764574,0.6128,0.10125561712813766,-0.027245628997867866,0.6725116799091575
5,internal,0.815558642587815,0.01705510561897093,0.8374,0.01333416664062664,-0.02184135741218507,0.05593908314502049
5,kddtest,0.6352821149751596,0.023007056883599962,0.6828,0.0475783564239035,-0.047517885024840334,0.09295308733515312
5,novel,0.5422707889125801,0.07877357528126079,0.6169999999999999,0.09482879309576812,-0.07472921108741981,0.2134978874617645
9,internal,0.8639809486009129,0.030364658891695408,0.8780000000000001,0.029974989574643753,-0.014019051399087212,0.48350579882726064
9,kddtest,0.7404098651525906,0.07302831876994453,0.7548,0.088840868973688,-0.014390134847409475,0.786993663765737
9,novel,0.6473347547974414,0.05858006451292173,0.6092000000000001,0.04683695122443391,0.03813475479744133,0.2900095549109783
17,internal,0.8818019448303234,0.013553419464841164,0.8794000000000001,0.0047749345545253325,0.0024019448303232993,0.7239726136975599
17,kddtest,0.7482877927608232,0.052585783601376404,0.7568,0.04447133908485333,-0.008512207239176783,0.7894531683328921
17,novel,0.5877931769722815,0.05446942260663171,0.5546,0.05746564190888326,0.033193176972281524,0.37605916703759484
