contrast,diff_pts,ci_lo,ci_hi,p,dz
reps=1: best_fixed - parity,9.954356023020441,7.5432669968043875,12.365445049236495,0.00033057900037407323,4.101039941601798
reps=1: linear_frozen - parity,6.8981940861282,1.0977813124328355,12.698606859823563,0.029879817615938376,1.1813282376330887
reps=1: linear_cotrained - parity,12.911291923000595,10.245917478869616,15.576666367131576,0.00017681123413509496,4.811777613127316
reps=3: best_fixed - parity,5.084342131375273,2.079473868047078,8.089210394703466,0.009323314576325861,1.6807511080933542
reps=3: linear_frozen - parity,3.556261162929153,-1.1063884731766165,8.218910799034923,0.10161301266917974,0.7576261222848121
reps=3: linear_cotrained - parity,7.124429450287755,0.9509660740359533,13.297892826539556,0.03277153507736274,1.1463448656965516
reps=5: best_fixed - parity,6.71164913673348,1.8479719081676158,11.575326365299345,0.018596351895696712,1.3707510116356367
reps=5: linear_frozen - parity,7.914268704107956,4.44606848989444,11.382468918321473,0.0031774271167910907,2.2667347707848626
reps=5: linear_cotrained - parity,11.27207779321294,8.93214811292327,13.612007473502608,0.0001807074777469211,4.785146596047109
reps=9: best_fixed - parity,3.778527485612224,1.1724144074298737,6.384640563794575,0.01579246212252154,1.440201987975232
reps=9: linear_frozen - parity,2.4369914665608228,0.2539670391200295,4.620015894001616,0.03624046632259951,1.1088926096922231
reps=9: linear_cotrained - parity,6.886286961698751,2.3942715524698794,11.378302370927623,0.013092064756265715,1.5227827730197656
reps=17: best_fixed - parity,1.8932327842825967,-0.30484267006377247,4.091308238628965,0.07505433856002082,0.8555698973170354
reps=17: linear_frozen - parity,2.0400873189124824,-1.008413591112807,5.0885882289377715,0.136712741085355,0.6647471795085426
reps=17: linear_cotrained - parity,5.53681285969438,3.9216469534104723,7.1519787659782885,0.0006803301771056209,3.405154190502435
parity: reps 9 -> 17,1.782099622941056,-2.6531714878042854,6.217370733686397,0.32709785883965353,0.39912219799281834
parity: reps 5 -> 9,4.842230601309787,-0.43843955712698846,10.122900759746562,0.06357972478608427,0.9108576340888933
parity: reps 1 -> 5,2.722762452867631,-0.8388922912975938,6.284417197032856,0.10105757387927562,0.7593675089198657
linear_cotrained: reps 9 -> 17,0.4326255209366847,-0.08289742911583697,0.9481484709892064,0.0802533638566346,0.8336009622795688
linear_cotrained: reps 5 -> 9,0.45643976979559797,-0.6590964917417533,1.5719760313329494,0.3193914765280672,0.40643758453718837
linear_cotrained: reps 1 -> 5,1.083548323079977,0.5664965004222813,1.6006001457376726,0.0043442233833053375,2.0816527614844773
cotrained reps=1 - parity reps=17,3.56419924588212,1.63426622718978,5.49413226457446,0.006850198359443839,1.834483515509957
cotrained reps=5 - parity reps=17,4.647747568962098,2.611434040767964,6.684061097156231,0.0031749599061890485,2.2672111142873583
