contrast,diff_pts,ci_lo,ci_hi,p
reps=1: best_fixed - parity,-0.22388059701492605,-26.195515411918578,25.74775421788873,0.9820520148706411
reps=1: linear_frozen - parity,5.250533049040511,-4.299218236204926,14.800284334285946,0.20158695847733374
reps=1: linear_cotrained - parity,1.2526652452025555,-4.251691794127955,6.757022284533065,0.5617929459223994
reps=3: best_fixed - parity,-2.6492537313432827,-13.220367296057333,7.9218598333707675,0.5248569029858641
reps=3: linear_frozen - parity,1.8230277185501087,-10.324649329736966,13.970704766837184,0.6983103580808917
reps=3: linear_cotrained - parity,2.5426439232409392,-8.977245518606015,14.062533365087893,0.573129581011354
reps=5: best_fixed - parity,2.2068230277185474,-12.315377091436723,16.729023146873818,0.6947761709289427
reps=5: linear_frozen - parity,6.6204690831556485,-6.12037008000733,19.361308246318625,0.22257227933097484
reps=5: linear_cotrained - parity,4.4402985074626855,-10.718652549716785,19.599249564642157,0.46170163600535724
reps=9: best_fixed - parity,-4.2643923240938175,-25.26156811980328,16.732783471615647,0.6029507172229922
reps=9: linear_frozen - parity,-0.6236673773987222,-9.224116765193077,7.976782010395633,0.8502599507110807
reps=9: linear_cotrained - parity,-4.685501066098084,-16.348618409582315,6.977616277386151,0.3271667730409191
reps=17: best_fixed - parity,3.960554371002134,-5.953791204429846,13.874899946434116,0.32956545384984987
reps=17: linear_frozen - parity,6.551172707889126,-0.34105315808651837,13.443398573864771,0.05763724154575958
reps=17: linear_cotrained - parity,-0.9328358208955256,-7.128153570032481,5.26248192824143,0.6973763517396743
"parity: Spearman(reps, novel) over 25 runs",0.15302945421327532,,,0.4652111462357537
"linear_cotrained: Spearman(reps, novel) over 25 runs",-0.12161539361060636,,,0.5625202593792293
