arm,C,rung,ref,rung_acc,gap_pts,ci_lo,ci_hi
amplitude N=16,1.0,frozen_theta/parity,0.9606000000000001,0.8560428656479461,10.455713435205405,6.814061360107038,14.097365510303772
amplitude N=16,1.0,frozen_theta/best_fixed,0.9606000000000001,0.8921214526691804,6.84785473308197,5.744868507167785,7.950840958996156
amplitude N=16,1.0,frozen_theta/linear_head,0.9606000000000001,0.9077594760865251,5.284052391347505,4.413282455522744,6.1548223271722655
amplitude N=16,1.0,frozen_theta/mlp_head,0.9606000000000001,0.9829331216511212,-2.2333121651121113,-2.6421941562556692,-1.8244301739685533
amplitude N=16,1.0,cotrained/linear_head,0.9606000000000001,0.9481246279023615,1.2475372097638604,0.4112736550230922,2.0838007645046286
amplitude N=16,1.0,reference/logreg_on_xhat,0.9606000000000001,0.9511807898392538,0.9419210160746316,0.5268447942964517,1.3569972378528115
amplitude N=16,100.0,frozen_theta/parity,0.9734,0.8560428656479461,11.735713435205398,8.091513553866017,15.379913316544776
amplitude N=16,100.0,frozen_theta/best_fixed,0.9734,0.8921214526691804,8.127854733081962,7.024150381915165,9.231559084248762
amplitude N=16,100.0,frozen_theta/linear_head,0.9734,0.9077594760865251,6.564052391347497,5.696249651130314,7.43185513156468
amplitude N=16,100.0,frozen_theta/mlp_head,0.9734,0.9829331216511212,-0.953312165112119,-1.3180418263134326,-0.5885825039108056
amplitude N=16,100.0,cotrained/linear_head,0.9734,0.9481246279023615,2.5275372097638527,1.6951063459846156,3.3599680735430897
amplitude N=16,100.0,reference/logreg_on_xhat,0.9734,0.9511807898392538,2.221921016074624,1.8535839494762274,2.5902580826730204
