n,shots,rep,order,acc,kind
8,1000,0,notebook,0.504,head_shots
8,1000,1,notebook,0.514,head_shots
8,1000,2,notebook,0.502,head_shots
8,1000,3,notebook,0.5,head_shots
8,1000,4,notebook,0.518,head_shots
8,10000,0,notebook,0.502,head_shots
8,10000,1,notebook,0.5,head_shots
8,10000,2,notebook,0.498,head_shots
8,10000,3,notebook,0.5,head_shots
8,10000,4,notebook,0.502,head_shots
8,1000,0,keep,0.968,head_shots
8,1000,1,keep,0.972,head_shots
8,1000,2,keep,0.966,head_shots
8,1000,3,keep,0.976,head_shots
8,1000,4,keep,0.976,head_shots
8,10000,0,keep,0.974,head_shots
8,10000,1,keep,0.972,head_shots
8,10000,2,keep,0.97,head_shots
8,10000,3,keep,0.974,head_shots
8,10000,4,keep,0.974,head_shots
16,1000,0,notebook,0.478,head_shots
16,1000,1,notebook,0.482,head_shots
16,1000,2,notebook,0.476,head_shots
16,1000,3,notebook,0.478,head_shots
16,1000,4,notebook,0.478,head_shots
16,10000,0,notebook,0.478,head_shots
16,10000,1,notebook,0.48,head_shots
16,10000,2,notebook,0.482,head_shots
16,10000,3,notebook,0.48,head_shots
16,10000,4,notebook,0.478,head_shots
16,1000,0,keep,0.974,head_shots
16,1000,1,keep,0.978,head_shots
16,1000,2,keep,0.978,head_shots
16,1000,3,keep,0.978,head_shots
16,1000,4,keep,0.976,head_shots
16,10000,0,keep,0.978,head_shots
16,10000,1,keep,0.978,head_shots
16,10000,2,keep,0.978,head_shots
16,10000,3,keep,0.978,head_shots
16,10000,4,keep,0.98,head_shots
