N,group,n,angle_maxsim_median,angle_maxsim_lt05,amp_maxsim_median,norm_median,recall_amplitude_head,recall_angle_head
8,internal test,5039,0.9999233004615984,0.0009922603691208574,0.9997858505517371,3.9150299449185937,,
8,KDDTest+ known attacks,9081,0.9997071574802062,0.0007708402158352604,0.9996651929158521,6.218103273687294,,
8,KDDTest+ novel attacks,3752,0.9779614347930166,0.0021321961620469083,0.9323584690097313,3.559103791939479,,
8,KDDTest+ normal,9711,0.9999354758052608,0.00030892801977139327,0.9996951103362748,3.2575510848766265,,
8,"novel, sim [0.00,0.25)",4,,,,,0.0,0.25
8,"novel, sim [0.25,0.50)",4,,,,,0.0,0.5
8,"novel, sim [0.50,0.75)",6,,,,,0.16666666666666666,0.6666666666666666
8,"novel, sim [0.75,0.90)",115,,,,,0.7217391304347827,0.26956521739130435
8,"novel, sim [0.90,1.00)",3623,,,,,0.4775048302511731,0.3165884626000552
16,internal test,5039,0.9998987982551454,0.002579876959714229,0.9997012916383571,4.011781402758225,,
16,KDDTest+ known attacks,9081,0.9996722740111037,0.012773923576698602,0.9996286409800237,6.2935098595487275,,
16,KDDTest+ novel attacks,3752,0.9606687467526192,0.005330490405117271,0.8951909089920947,3.7124781176179793,,
16,KDDTest+ normal,9711,0.9998878555586781,0.0013386880856760374,0.9994589124075303,3.312412592650254,,
16,"novel, sim [0.00,0.25)",17,,,,,0.11764705882352941,0.35294117647058826
16,"novel, sim [0.25,0.50)",3,,,,,0.0,0.6666666666666666
16,"novel, sim [0.50,0.75)",7,,,,,0.14285714285714285,0.2857142857142857
16,"novel, sim [0.75,0.90)",267,,,,,0.7865168539325843,0.5205992509363296
16,"novel, sim [0.90,1.00)",3458,,,,,0.5387507229612493,0.2825332562174667
