N,seed,encoding,share_nn_attack
4,0,angle_ry,0.375
4,0,amplitude,0.46961620469083154
4,1,angle_ry,0.3757995735607676
4,1,amplitude,0.3158315565031983
4,2,angle_ry,0.4128464818763326
4,2,amplitude,0.4157782515991471
4,3,angle_ry,0.38699360341151384
4,3,amplitude,0.4408315565031983
4,4,angle_ry,0.39525586353944564
4,4,amplitude,0.417910447761194
8,0,angle_ry,0.3829957356076759
8,0,amplitude,0.35794243070362475
8,1,angle_ry,0.31476545842217485
8,1,amplitude,0.38859275053304904
8,2,angle_ry,0.3654051172707889
8,2,amplitude,0.3771321961620469
8,3,angle_ry,0.3872601279317697
8,3,amplitude,0.4341684434968017
8,4,angle_ry,0.35367803837953093
8,4,amplitude,0.4072494669509595
16,0,angle_ry,0.3696695095948827
16,0,amplitude,0.3662046908315565
16,1,angle_ry,0.36140724946695096
16,1,amplitude,0.39205756929637525
16,2,angle_ry,0.39365671641791045
16,2,amplitude,0.39605543710021324
16,3,angle_ry,0.4072494669509595
16,3,amplitude,0.4115138592750533
16,4,angle_ry,0.3664712153518124
16,4,amplitude,0.40831556503198296
