seed,mode,readout,internal,kddtest,novel_recall,seconds
0,frozen_theta,parity,0.8265528874776742,0.6321415897799858,0.5991471215351812,1.3144301310003357
0,frozen_theta,global_parity,0.6727525302639412,0.5665365507452094,0.4093816631130064,1.3144301310003357
0,frozen_theta,best_fixed,0.887676126215519,0.8254080908445706,0.7076226012793176,1.3144301310003357
0,frozen_theta,linear_head,0.9077197856717603,0.8251863023420866,0.656183368869936,1.3144301310003357
0,frozen_theta,mlp_head,0.9835284778725938,0.757097232079489,0.2515991471215352,1.3144301310003357
0,cotrained,linear_head,0.9460210359198253,0.8037615330021292,0.5919509594882729,14.790706497999963
0,reference,logreg_on_xhat,0.9511807898392538,0.7634403832505323,0.47894456289978676,0.0
1,frozen_theta,parity,0.8329033538400477,0.6885202271114266,0.7140191897654584,1.2162068170000566
1,frozen_theta,global_parity,0.38737844810478267,0.37903655074520937,0.740405117270789,1.2162068170000566
1,frozen_theta,best_fixed,0.8819210160746179,0.7651703335699077,0.6711087420042644,1.2162068170000566
1,frozen_theta,linear_head,0.9011708672355626,0.7871717530163236,0.6393923240938166,1.2162068170000566
1,frozen_theta,mlp_head,0.9851160944631872,0.7945794889992903,0.4195095948827292,1.2162068170000566
1,cotrained,linear_head,0.9440365151815836,0.7937810503903477,0.5498400852878464,14.034802589999344
1,reference,logreg_on_xhat,0.9511807898392538,0.7634403832505323,0.47894456289978676,0.0
2,frozen_theta,parity,0.8491764238936297,0.6747249822569198,0.5050639658848614,1.0872222130001319
2,frozen_theta,global_parity,0.6929946417940067,0.48731369765791344,0.251865671641791,1.0872222130001319
2,frozen_theta,best_fixed,0.8916451676920024,0.7710699077359829,0.5181236673773987,1.0872222130001319
2,frozen_theta,linear_head,0.9001786068664418,0.7948456352022711,0.6119402985074627,1.0872222130001319
2,frozen_theta,mlp_head,0.9823377654296488,0.7805180979418027,0.44136460554371004,1.0872222130001319
2,cotrained,linear_head,0.9521730502083747,0.8177342086586231,0.6401918976545842,13.465135011999337
2,reference,logreg_on_xhat,0.9511807898392538,0.7634403832505323,0.47894456289978676,0.0
3,frozen_theta,parity,0.8747767414169478,0.7443665720369056,0.7001599147121536,1.5858207749997746
3,frozen_theta,global_parity,0.4832307997618575,0.4341731724627395,0.5748933901918977,1.5858207749997746
3,frozen_theta,best_fixed,0.8930343322087716,0.8050922640170334,0.7142857142857143,1.5858207749997746
3,frozen_theta,linear_head,0.9146656082556063,0.7910752306600426,0.613272921108742,1.5858207749997746
3,frozen_theta,mlp_head,0.9825362175034729,0.7802963094393187,0.386727078891258,1.5858207749997746
3,cotrained,linear_head,0.9577297082754515,0.7825141944641589,0.5181236673773987,14.171160290999978
3,reference,logreg_on_xhat,0.9511807898392538,0.7634403832505323,0.47894456289978676,0.0
4,frozen_theta,parity,0.8968049216114309,0.7825585521646558,0.5866204690831557,1.0491720019999775
4,frozen_theta,global_parity,0.4637824965270887,0.49485450674237047,0.7659914712153518,1.0491720019999775
4,frozen_theta,best_fixed,0.9063306211549911,0.7873491838183109,0.5887526652452025,1.0491720019999775
4,frozen_theta,linear_head,0.9150625124032546,0.7953779276082328,0.5882196162046909,1.0491720019999775
4,frozen_theta,mlp_head,0.9811470529867037,0.7693399574166075,0.3837953091684435,1.0491720019999775
4,cotrained,linear_head,0.9406628299265727,0.7882806955287438,0.5658315565031983,14.575169819000621
4,reference,logreg_on_xhat,0.9511807898392538,0.7634403832505323,0.47894456289978676,0.0
