seed,N,encoding,C,qubits,kernel_svm_acc,separability_auc,n_sv
0,4,amplitude,1.0,2,0.892,0.6065179146256499,709
0,4,angle_ry,1.0,4,0.929,0.802731919898536,351
0,4,angle_phase,1.0,4,0.93,0.8268154732642821,324
0,8,amplitude,1.0,3,0.949,0.5585188122511543,433
0,8,angle_ry,1.0,8,0.9595,0.7600215997689388,286
0,8,angle_phase,1.0,8,0.9715,0.7955180869998808,239
0,16,amplitude,1.0,4,0.961,0.5441306283781571,348
0,16,angle_ry,1.0,16,0.961,0.7530251404791424,257
0,16,angle_phase,1.0,16,0.9735,0.7816978561940199,247
1,4,amplitude,1.0,2,0.897,0.6176399749588133,595
1,4,angle_ry,1.0,4,0.9275,0.8021799962362188,307
1,4,angle_phase,1.0,4,0.93,0.828813425123054,287
1,8,amplitude,1.0,3,0.9355,0.5583469657827398,369
1,8,angle_ry,1.0,8,0.949,0.7580018056495594,260
1,8,angle_phase,1.0,8,0.9605,0.7956452540389116,207
1,16,amplitude,1.0,4,0.9555,0.5460534119398093,321
1,16,angle_ry,1.0,16,0.9525,0.7562762048000239,237
1,16,angle_phase,1.0,16,0.963,0.7854073734944933,207
2,4,amplitude,1.0,2,0.891,0.617850476198569,618
2,4,angle_ry,1.0,4,0.9385,0.8102126202360425,300
2,4,angle_phase,1.0,4,0.94,0.8370580692770874,276
2,8,amplitude,1.0,3,0.945,0.5595368286095848,357
2,8,angle_ry,1.0,8,0.956,0.7657526781594173,238
2,8,angle_phase,1.0,8,0.9675,0.8045340967446201,196
2,16,amplitude,1.0,4,0.963,0.5529268014781723,307
2,16,angle_ry,1.0,16,0.9585,0.760098470120412,223
2,16,angle_phase,1.0,16,0.968,0.793423256239687,197
3,4,amplitude,1.0,2,0.897,0.609958507855117,630
3,4,angle_ry,1.0,4,0.93,0.8036869142181655,328
3,4,angle_phase,1.0,4,0.932,0.8319252634231631,306
3,8,amplitude,1.0,3,0.942,0.5631599675689312,366
3,8,angle_ry,1.0,8,0.956,0.7599600804776228,255
3,8,angle_phase,1.0,8,0.9655,0.7958585421537308,208
3,16,amplitude,1.0,4,0.9595,0.5505998767527917,302
3,16,angle_ry,1.0,16,0.9605,0.7568328174604824,230
3,16,angle_phase,1.0,16,0.965,0.7871160313532886,206
4,4,amplitude,1.0,2,0.8925,0.6003820704122744,681
4,4,angle_ry,1.0,4,0.931,0.7906856525326265,361
4,4,angle_phase,1.0,4,0.932,0.8145023813726923,334
4,8,amplitude,1.0,3,0.9395,0.5503732707022961,395
4,8,angle_ry,1.0,8,0.95,0.7551302478513174,284
4,8,angle_phase,1.0,8,0.963,0.7850690778434324,220
4,16,amplitude,1.0,4,0.964,0.5412260620725526,333
4,16,angle_ry,1.0,16,0.954,0.7488981281174846,261
4,16,angle_phase,1.0,16,0.9655,0.7707550524972948,221
