seed,model,internal,kddtest,novel_recall
0,auc_of_norm_alone,0.869634472313616,0.738914305498573,
0,logreg_xhat,0.9511807898392538,0.7634403832505323,0.47894456289978676
0,logreg_xhat+norm,0.9493947211748363,0.7637065294535131,0.4714818763326226
0,logreg_raw_x,0.9563405437586823,0.7532824698367636,0.40378464818763327
0,vqc_amplitude_4q_p24,0.8265528874776742,0.6321415897799858,0.5991471215351812
0,vqc_amplitude+norm_5q_p25,0.8295296685850367,0.6046841731724627,0.48720682302771856
0,vqc_shuffled_norm_5q_p25,0.82635443540385,0.6258427963094393,0.5868869936034116
1,auc_of_norm_alone,0.869634472313616,0.738914305498573,
1,logreg_xhat,0.9511807898392538,0.7634403832505323,0.47894456289978676
1,logreg_xhat+norm,0.9493947211748363,0.7637065294535131,0.4714818763326226
1,logreg_raw_x,0.9563405437586823,0.7532824698367636,0.40378464818763327
1,vqc_amplitude_4q_p24,0.8329033538400477,0.6885202271114266,0.7140191897654584
1,vqc_amplitude+norm_5q_p25,0.8352847787259376,0.6109386089425124,0.5714285714285714
1,vqc_shuffled_norm_5q_p25,0.7977773367731693,0.6460699077359829,0.5093283582089553
2,auc_of_norm_alone,0.869634472313616,0.738914305498573,
2,logreg_xhat,0.9511807898392538,0.7634403832505323,0.47894456289978676
2,logreg_xhat+norm,0.9493947211748363,0.7637065294535131,0.4714818763326226
2,logreg_raw_x,0.9563405437586823,0.7532824698367636,0.40378464818763327
2,vqc_amplitude_4q_p24,0.8491764238936297,0.6747249822569198,0.5050639658848614
2,vqc_amplitude+norm_5q_p25,0.7906330621154991,0.6031316536550745,0.5341151385927505
2,vqc_shuffled_norm_5q_p25,0.8156380234173447,0.6438520227111426,0.6332622601279317
3,auc_of_norm_alone,0.869634472313616,0.738914305498573,
3,logreg_xhat,0.9511807898392538,0.7634403832505323,0.47894456289978676
3,logreg_xhat+norm,0.9493947211748363,0.7637065294535131,0.4714818763326226
3,logreg_raw_x,0.9563405437586823,0.7532824698367636,0.40378464818763327
3,vqc_amplitude_4q_p24,0.8747767414169478,0.7443665720369056,0.7001599147121536
3,vqc_amplitude+norm_5q_p25,0.8731891248263545,0.7495564229950319,0.6625799573560768
3,vqc_shuffled_norm_5q_p25,0.8463980948600913,0.6807576295244855,0.6695095948827292
4,auc_of_norm_alone,0.869634472313616,0.738914305498573,
4,logreg_xhat,0.9511807898392538,0.7634403832505323,0.47894456289978676
4,logreg_xhat+norm,0.9493947211748363,0.7637065294535131,0.4714818763326226
4,logreg_raw_x,0.9563405437586823,0.7532824698367636,0.40378464818763327
4,vqc_amplitude_4q_p24,0.8968049216114309,0.7825585521646558,0.5866204690831557
4,vqc_amplitude+norm_5q_p25,0.892438975987299,0.8050479063165366,0.47094882729211085
4,vqc_shuffled_norm_5q_p25,0.8323079976185751,0.6822214336408801,0.4920042643923241
