seed,rho,model,params,fit_acc,internal,novel_recall
0,0.0,vqc_reps1,8,0.785,0.7775352252431038,0.5783582089552238
0,0.0,vqc_reps5,24,0.8415,0.8390553681285969,0.6284648187633263
0,0.0,vqc_reps17,72,0.896,0.891248263544354,0.5679637526652452
0,0.0,logreg_17p,17,0.9465,0.9476086525104187,0.4954690831556503
0,0.0,mlp1_19p,19,0.534,0.5338360785870212,0.0
0,0.0,mlp4_73p,73,0.965,0.9632863663425283,0.4021855010660981
0,0.25,vqc_reps1,8,0.7175,,
0,0.25,vqc_reps5,24,0.756,,
0,0.25,vqc_reps17,72,0.7965,,
0,0.25,logreg_17p,17,0.8195,,
0,0.25,mlp1_19p,19,0.483,,
0,0.25,mlp4_73p,73,0.8425,,
0,0.5,vqc_reps1,8,0.6695,,
0,0.5,vqc_reps5,24,0.6795,,
0,0.5,vqc_reps17,72,0.712,,
0,0.5,logreg_17p,17,0.7155,,
0,0.5,mlp1_19p,19,0.486,,
0,0.5,mlp4_73p,73,0.718,,
0,1.0,vqc_reps1,8,0.527,,
0,1.0,vqc_reps5,24,0.54,,
0,1.0,vqc_reps17,72,0.5465,,
0,1.0,logreg_17p,17,0.546,,
0,1.0,mlp1_19p,19,0.5255,,
0,1.0,mlp4_73p,73,0.539,,
1,0.0,vqc_reps1,8,0.815,0.8057154197261361,0.6140724946695096
1,0.0,vqc_reps5,24,0.8,0.7971819805516968,0.5932835820895522
1,0.0,vqc_reps17,72,0.9055,0.8920420718396507,0.6047441364605544
1,0.0,logreg_17p,17,0.9445,0.9368922405239135,0.5138592750533049
1,0.0,mlp1_19p,19,0.957,0.9535622147251439,0.4227078891257996
1,0.0,mlp4_73p,73,0.951,0.9489978170271879,0.4195095948827292
1,0.25,vqc_reps1,8,0.743,,
1,0.25,vqc_reps5,24,0.7905,,
1,0.25,vqc_reps17,72,0.8045,,
1,0.25,logreg_17p,17,0.8275,,
1,0.25,mlp1_19p,19,0.83,,
1,0.25,mlp4_73p,73,0.8295,,
1,0.5,vqc_reps1,8,0.6425,,
1,0.5,vqc_reps5,24,0.6475,,
1,0.5,vqc_reps17,72,0.6945,,
1,0.5,logreg_17p,17,0.697,,
1,0.5,mlp1_19p,19,0.698,,
1,0.5,mlp4_73p,73,0.7015,,
1,1.0,vqc_reps1,8,0.496,,
1,1.0,vqc_reps5,24,0.505,,
1,1.0,vqc_reps17,72,0.53,,
1,1.0,logreg_17p,17,0.5165,,
1,1.0,mlp1_19p,19,0.504,,
1,1.0,mlp4_73p,73,0.5175,,
2,0.0,vqc_reps1,8,0.8,0.7747568962095653,0.593816631130064
2,0.0,vqc_reps5,24,0.8205,0.8023417344711252,0.5159914712153518
2,0.0,vqc_reps17,72,0.8965,0.8827148243699147,0.5029317697228145
2,0.0,logreg_17p,17,0.952,0.9491962691010121,0.4944029850746269
2,0.0,mlp1_19p,19,0.953,0.9499900773963088,0.43710021321961623
2,0.0,mlp4_73p,73,0.9725,0.9648739829331217,0.40618336886993606
2,0.25,vqc_reps1,8,0.751,,
2,0.25,vqc_reps5,24,0.7755,,
2,0.25,vqc_reps17,72,0.7995,,
2,0.25,logreg_17p,17,0.8405,,
2,0.25,mlp1_19p,19,0.838,,
2,0.25,mlp4_73p,73,0.86,,
2,0.5,vqc_reps1,8,0.688,,
2,0.5,vqc_reps5,24,0.7135,,
2,0.5,vqc_reps17,72,0.7165,,
2,0.5,logreg_17p,17,0.7325,,
2,0.5,mlp1_19p,19,0.7275,,
2,0.5,mlp4_73p,73,0.7395,,
2,1.0,vqc_reps1,8,0.5425,,
2,1.0,vqc_reps5,24,0.5545,,
2,1.0,vqc_reps17,72,0.5495,,
2,1.0,logreg_17p,17,0.527,,
2,1.0,mlp1_19p,19,0.534,,
2,1.0,mlp4_73p,73,0.5165,,
3,0.0,vqc_reps1,8,0.8125,0.8065092280214329,0.593816631130064
3,0.0,vqc_reps5,24,0.827,0.8138519547529272,0.5498400852878464
3,0.0,vqc_reps17,72,0.881,0.8587021234371899,0.6399253731343284
3,0.0,logreg_17p,17,0.952,0.9480055566580671,0.5007995735607675
3,0.0,mlp1_19p,19,0.9665,0.9615002976781107,0.39712153518123666
3,0.0,mlp4_73p,73,0.965,0.9591188727922206,0.41044776119402987
3,0.25,vqc_reps1,8,0.7375,,
3,0.25,vqc_reps5,24,0.733,,
3,0.25,vqc_reps17,72,0.815,,
3,0.25,logreg_17p,17,0.825,,
3,0.25,mlp1_19p,19,0.8415,,
3,0.25,mlp4_73p,73,0.8385,,
3,0.5,vqc_reps1,8,0.6425,,
3,0.5,vqc_reps5,24,0.7035,,
3,0.5,vqc_reps17,72,0.7115,,
3,0.5,logreg_17p,17,0.7205,,
3,0.5,mlp1_19p,19,0.722,,
3,0.5,mlp4_73p,73,0.728,,
3,1.0,vqc_reps1,8,0.524,,
3,1.0,vqc_reps5,24,0.53,,
3,1.0,vqc_reps17,72,0.5345,,
3,1.0,logreg_17p,17,0.5305,,
3,1.0,mlp1_19p,19,0.498,,
3,1.0,mlp4_73p,73,0.526,,
4,0.0,vqc_reps1,8,0.781,0.7771383210954554,0.6004797441364605
4,0.0,vqc_reps5,24,0.821,0.8253621750347291,0.423773987206823
4,0.0,vqc_reps17,72,0.8815,0.884302440960508,0.6234008528784648
4,0.0,logreg_17p,17,0.9495,0.9519745981345505,0.47414712153518124
4,0.0,mlp1_19p,19,0.534,0.5338360785870212,0.0
4,0.0,mlp4_73p,73,0.9525,0.9545544750942647,0.42350746268656714
4,0.25,vqc_reps1,8,0.734,,
4,0.25,vqc_reps5,24,0.8005,,
4,0.25,vqc_reps17,72,0.808,,
4,0.25,logreg_17p,17,0.8315,,
4,0.25,mlp1_19p,19,0.5365,,
4,0.25,mlp4_73p,73,0.836,,
4,0.5,vqc_reps1,8,0.669,,
4,0.5,vqc_reps5,24,0.694,,
4,0.5,vqc_reps17,72,0.721,,
4,0.5,logreg_17p,17,0.726,,
4,0.5,mlp1_19p,19,0.514,,
4,0.5,mlp4_73p,73,0.7425,,
4,1.0,vqc_reps1,8,0.5205,,
4,1.0,vqc_reps5,24,0.5205,,
4,1.0,vqc_reps17,72,0.5385,,
4,1.0,logreg_17p,17,0.5445,,
4,1.0,mlp1_19p,19,0.493,,
4,1.0,mlp4_73p,73,0.517,,
