N,seed,arm,readout,source,qubits,n_sv,train_acc,internal,kddtest,novel_recall,params,reps,n_features,loss,evals,seconds
4,0,kernel_amplitude,C=1,reference,2,709.0,0.8895,0.897003373685255,0.8379613200851668,0.7150852878464818,,,,,,
4,0,kernel_amplitude,C=100,reference,2,670.0,0.8905,0.8932327842825958,0.8530872959545777,0.7073560767590619,,,,,,
4,0,kernel_angle_ry,C=1,reference,4,351.0,0.9265,0.9325262948997817,0.7313697657913414,0.32489339019189767,,,,,,
4,0,kernel_angle_ry,C=100,reference,4,306.0,0.9305,0.9347092677118476,0.7382895670688432,0.34701492537313433,,,,,,
4,0,logreg_xhat,-,reference,0,,0.923,0.923595951577694,0.7672551454932577,0.5159914712153518,5.0,,,,,
4,0,logreg_x,-,reference,0,,0.924,0.925977376463584,0.7664123491838183,0.5191897654584222,5.0,,,,,
4,0,amplitude,q0,trained,2,,0.797,0.8003572137328835,0.6308108587650816,0.5325159914712153,12.0,5.0,3.0,0.4724214509684624,259.0,0.7043236770005024
4,0,amplitude,frozen_head_after_q0,trained,2,,0.8765,0.8837070847390355,0.7962650816181689,0.6018123667377399,12.0,5.0,3.0,,,
4,0,amplitude,global,trained,2,,0.797,0.8003572137328835,0.6308108587650816,0.5325159914712153,12.0,5.0,3.0,0.47242145037094585,174.0,0.5630980149999232
4,0,amplitude,frozen_head_after_global,trained,2,,0.8825,0.890057551101409,0.80611249112846,0.6127398720682303,12.0,5.0,3.0,,,
4,0,amplitude,head,trained,2,,0.8715,0.8783488787457829,0.817068843151171,0.6183368869936035,12.0,5.0,3.0,0.40270589586602246,157.0,6.7489973829997325
4,0,angle,q0,trained,4,,0.8805,0.8882714824369915,0.752306600425834,0.48587420042643925,12.0,2.0,11.0,0.3073505829865568,400.0,4.307019507999939
4,0,angle,frozen_head_after_q0,trained,4,,0.9245,0.9295495137924191,0.7549237047551455,0.4597547974413646,12.0,2.0,11.0,,,
4,0,angle,global,trained,4,,0.875,0.8799364953363763,0.7521735273243435,0.48507462686567165,12.0,2.0,11.0,0.3035093693168634,400.0,5.0205698819991085
4,0,angle,frozen_head_after_global,trained,4,,0.9195,0.9216114308394523,0.769694819020582,0.5114605543710021,12.0,2.0,11.0,,,
4,0,angle,head,trained,4,,0.9235,0.927168088906529,0.758694109297374,0.47174840085287845,12.0,2.0,11.0,0.1770942910683321,100.0,14.62926036600038
4,1,kernel_amplitude,C=1,reference,2,595.0,0.903,0.8950188529470133,0.8419091554293825,0.7238805970149254,,,,,,
4,1,kernel_amplitude,C=100,reference,2,546.0,0.906,0.8886683865846398,0.8562810503903477,0.7308102345415778,,,,,,
4,1,kernel_angle_ry,C=1,reference,4,307.0,0.938,0.9325262948997817,0.7358498935415189,0.34168443496801704,,,,,,
4,1,kernel_angle_ry,C=100,reference,4,261.0,0.947,0.9349077197856718,0.7519960965223563,0.43336886993603413,,,,,,
4,1,logreg_xhat,-,reference,0,,0.928,0.9188331018059138,0.7702271114265437,0.5191897654584222,5.0,,,,,
4,1,logreg_x,-,reference,0,,0.931,0.9243897598729907,0.7659244144783535,0.5189232409381663,5.0,,,,,
4,1,amplitude,q0,trained,2,,0.813,0.804326255209367,0.6326295244854506,0.5434434968017058,12.0,5.0,3.0,0.440258821574765,346.0,0.7891935830011789
4,1,amplitude,frozen_head_after_q0,trained,2,,0.902,0.8936296884302442,0.8227466288147622,0.6716417910447762,12.0,5.0,3.0,,,
4,1,amplitude,global,trained,2,,0.869,0.855328438182179,0.7640613910574876,0.599680170575693,12.0,5.0,3.0,0.4391608096987113,214.0,0.44807068900081504
4,1,amplitude,frozen_head_after_global,trained,2,,0.8845,0.8787457828934312,0.8023864442867282,0.6545842217484008,12.0,5.0,3.0,,,
4,1,amplitude,head,trained,2,,0.895,0.8841039888866838,0.825541163946061,0.6297974413646056,12.0,5.0,3.0,0.34115491094571443,400.0,20.12565341499976
4,1,angle,q0,trained,4,,0.8865,0.8793411391149037,0.7527058197303051,0.4914712153518124,12.0,2.0,11.0,0.30961798661918705,400.0,3.2706756469997345
4,1,angle,frozen_head_after_q0,trained,4,,0.934,0.924786664020639,0.759625621007807,0.4904051172707889,12.0,2.0,11.0,,,
4,1,angle,global,trained,4,,0.8855,0.8787457828934312,0.7533711852377573,0.494136460554371,12.0,2.0,11.0,0.30968985552080686,400.0,2.2015675510010624
4,1,angle,frozen_head_after_global,trained,4,,0.9355,0.9285572534232983,0.7639283179559971,0.5093283582089553,12.0,2.0,11.0,,,
4,1,angle,head,trained,4,,0.933,0.9293510617185949,0.757097232079489,0.4685501066098081,12.0,2.0,11.0,0.15543255108338055,115.0,2.2901899379994575
4,2,kernel_amplitude,C=1,reference,2,618.0,0.906,0.8983925382020242,0.8387154009936125,0.7038912579957356,,,,,,
4,2,kernel_amplitude,C=100,reference,2,571.0,0.9115,0.8991863464973209,0.8282026259758695,0.6100746268656716,,,,,,
4,2,kernel_angle_ry,C=1,reference,4,300.0,0.9425,0.9333201031950784,0.7297285308729595,0.31130063965884863,,,,,,
4,2,kernel_angle_ry,C=100,reference,4,253.0,0.9445,0.935106171859496,0.7354063165365508,0.3296908315565032,,,,,,
4,2,logreg_xhat,-,reference,0,,0.93,0.924786664020639,0.765791341376863,0.5141257995735607,5.0,,,,,
4,2,logreg_x,-,reference,0,,0.93,0.926969636832705,0.7642831795599716,0.5103944562899787,5.0,,,,,
4,2,amplitude,q0,trained,2,,0.817,0.804326255209367,0.6293026969481902,0.527452025586354,12.0,5.0,3.0,0.44313128805207747,176.0,0.30104139800096164
4,2,amplitude,frozen_head_after_q0,trained,2,,0.8865,0.8846993451081564,0.8077537260468417,0.6415245202558635,12.0,5.0,3.0,,,
4,2,amplitude,global,trained,2,,0.817,0.804326255209367,0.6293026969481902,0.527452025586354,12.0,5.0,3.0,0.4431312879808991,180.0,0.3385474320002686
4,2,amplitude,frozen_head_after_global,trained,2,,0.8825,0.8706092478666402,0.810459545777147,0.6817697228144989,12.0,5.0,3.0,,,
4,2,amplitude,head,trained,2,,0.8905,0.8866838658463981,0.8133427963094393,0.6122068230277186,12.0,5.0,3.0,0.3501036361489567,193.0,5.5464678699991055
4,2,angle,q0,trained,4,,0.8955,0.8856916054772772,0.7524396735273243,0.48640724946695096,12.0,2.0,11.0,0.29654013246578126,400.0,2.9329521899999236
4,2,angle,frozen_head_after_q0,trained,4,,0.9375,0.927168088906529,0.7602909865152591,0.4898720682302772,12.0,2.0,11.0,,,
4,2,angle,global,trained,4,,0.935,0.9261758285374082,0.7485805535841022,0.4155117270788913,12.0,2.0,11.0,0.25995942254245474,400.0,3.098863260000144
4,2,angle,frozen_head_after_global,trained,4,,0.9385,0.9303433220877159,0.7564762242725337,0.4685501066098081,12.0,2.0,11.0,,,
4,2,angle,head,trained,4,,0.941,0.93292319904743,0.7480926188786373,0.4125799573560768,12.0,2.0,11.0,0.1483985206404604,135.0,9.19708580400038
4,3,kernel_amplitude,C=1,reference,2,630.0,0.9065,0.8993847985711451,0.8334368346344926,0.6673773987206824,,,,,,
4,3,kernel_amplitude,C=100,reference,2,565.0,0.907,0.9005755110140901,0.8271823988644429,0.5860874200426439,,,,,,
4,3,kernel_angle_ry,C=1,reference,4,328.0,0.933,0.9325262948997817,0.7295067423704755,0.31050106609808104,,,,,,
4,3,kernel_angle_ry,C=100,reference,4,280.0,0.938,0.9353046239333201,0.7409510290986515,0.3675373134328358,,,,,,
4,3,logreg_xhat,-,reference,0,,0.925,0.924786664020639,0.7662349183818311,0.5143923240938166,5.0,,,,,
4,3,logreg_x,-,reference,0,,0.926,0.926969636832705,0.7651703335699077,0.5199893390191898,5.0,,,,,
4,3,amplitude,q0,trained,2,,0.8095,0.8076999404643779,0.6547196593328601,0.5565031982942431,12.0,5.0,3.0,0.45190183842007364,176.0,0.2684255899985146
4,3,amplitude,frozen_head_after_q0,trained,2,,0.851,0.8477872593768605,0.7211231369765791,0.6170042643923241,12.0,5.0,3.0,,,
4,3,amplitude,global,trained,2,,0.808,0.8011510220281802,0.6316980127750177,0.5335820895522388,12.0,5.0,3.0,0.4532001957068024,206.0,0.3179660469995724
4,3,amplitude,frozen_head_after_global,trained,2,,0.8165,0.8073030363167295,0.636444286728176,0.5517057569296375,12.0,5.0,3.0,,,
4,3,amplitude,head,trained,2,,0.891,0.8870807699940464,0.8111692689850958,0.5764925373134329,12.0,5.0,3.0,0.3628585922064681,400.0,2.0130087440011266
4,3,angle,q0,trained,4,,0.8945,0.8968049216114309,0.7526614620298083,0.48880597014925375,12.0,2.0,11.0,0.3076075261398434,400.0,2.6628154959998938
4,3,angle,frozen_head_after_q0,trained,4,,0.929,0.9275649930541774,0.7598030518097941,0.48480810234541577,12.0,2.0,11.0,,,
4,3,angle,global,trained,4,,0.928,0.9243897598729907,0.7356724627395316,0.3368869936034115,12.0,2.0,11.0,0.2780940096352294,400.0,2.7194089370004804
4,3,angle,frozen_head_after_global,trained,4,,0.9295,0.9273665409803532,0.7570528743789922,0.47308102345415776,12.0,2.0,11.0,,,
4,3,angle,head,trained,4,,0.9295,0.9299464179400675,0.7540365507452094,0.4533582089552239,12.0,2.0,11.0,0.16527262182332367,132.0,10.561061413000061
4,4,kernel_amplitude,C=1,reference,2,681.0,0.891,0.8989878944234967,0.8393364088005678,0.7017590618336887,,,,,,
4,4,kernel_amplitude,C=100,reference,2,621.0,0.895,0.8999801547926176,0.8338804116394606,0.6130063965884861,,,,,,
4,4,kernel_angle_ry,C=1,reference,4,361.0,0.9245,0.9331216511212542,0.7343860894251242,0.3342217484008529,,,,,,
4,4,kernel_angle_ry,C=100,reference,4,312.0,0.9295,0.935106171859496,0.7405074520936835,0.363272921108742,,,,,,
4,4,logreg_xhat,-,reference,0,,0.9195,0.9243897598729907,0.7670777146912704,0.5146588486140725,5.0,,,,,
4,4,logreg_x,-,reference,0,,0.9235,0.9267711847588808,0.7652146912704045,0.5165245202558635,5.0,,,,,
4,4,amplitude,q0,trained,2,,0.8,0.8041278031355428,0.6336053938963804,0.5346481876332623,12.0,5.0,3.0,0.46895040032879814,156.0,0.2934060640000098
4,4,amplitude,frozen_head_after_q0,trained,2,,0.865,0.8652510418733875,0.8031405251951739,0.6449893390191898,12.0,5.0,3.0,,,
4,4,amplitude,global,trained,2,,0.8485,0.8596943838063108,0.7716465578424414,0.5895522388059702,12.0,5.0,3.0,0.4646513326407131,133.0,0.3068527149989677
4,4,amplitude,frozen_head_after_global,trained,2,,0.8725,0.8775550704504862,0.7993701206529453,0.625,12.0,5.0,3.0,,,
4,4,amplitude,head,trained,2,,0.8865,0.8884699345108157,0.8176454932576295,0.5903518123667377,12.0,5.0,3.0,0.37829826623831364,300.0,7.082570680000572
4,4,angle,q0,trained,4,,0.879,0.8868823179202223,0.7525727466288148,0.48800639658848616,12.0,2.0,11.0,0.31404997339481816,400.0,2.4949190490006004
4,4,angle,frozen_head_after_q0,trained,4,,0.9215,0.9265727326850566,0.7569641589779986,0.4650852878464819,12.0,2.0,11.0,,,
4,4,angle,global,trained,4,,0.914,0.9231990474300457,0.7515081618168914,0.43843283582089554,12.0,2.0,11.0,0.28240498605768366,400.0,2.9643614400010847
4,4,angle,frozen_head_after_global,trained,4,,0.9225,0.9295495137924191,0.7557665010645848,0.4624200426439232,12.0,2.0,11.0,,,
4,4,angle,head,trained,4,,0.9185,0.9295495137924191,0.7558552164655784,0.44989339019189767,12.0,2.0,11.0,0.1749915912319896,176.0,8.249420149999423
8,0,kernel_amplitude,C=1,reference,3,433.0,0.949,0.9507838856916054,0.7794091554293825,0.5818230277185501,,,,,,
8,0,kernel_amplitude,C=100,reference,3,201.0,0.975,0.9714229013693193,0.803584102200142,0.4256396588486141,,,,,,
8,0,kernel_angle_ry,C=1,reference,8,286.0,0.9595,0.9577297082754515,0.7535929737402413,0.32062899786780386,,,,,,
8,0,kernel_angle_ry,C=100,reference,8,137.0,0.9865,0.977971819805517,0.7745741660752307,0.39952025586353945,,,,,,
8,0,logreg_xhat,-,reference,0,,0.9365,0.9398690216312761,0.8036728176011355,0.4946695095948827,9.0,,,,,
8,0,logreg_x,-,reference,0,,0.949,0.9511807898392538,0.7625532292405962,0.4123134328358209,9.0,,,,,
8,0,amplitude,q0,trained,3,,0.8675,0.8708076999404644,0.7401082327892122,0.55863539445629,24.0,7.0,7.0,0.3731069388637189,400.0,1.2154220630000054
8,0,amplitude,frozen_head_after_q0,trained,3,,0.9005,0.9041476483429252,0.8046043293115684,0.6833688699360341,24.0,7.0,7.0,,,
8,0,amplitude,global,trained,3,,0.869,0.8626711649136733,0.7126064584811923,0.5573027718550106,24.0,7.0,7.0,0.37873271270740766,400.0,1.0158442209994973
8,0,amplitude,frozen_head_after_global,trained,3,,0.8995,0.9104981147052986,0.8071327182398864,0.7017590618336887,24.0,7.0,7.0,,,
8,0,amplitude,head,trained,3,,0.943,0.9438380631077595,0.7839336408800568,0.48347547974413646,24.0,7.0,7.0,0.16750773143946043,400.0,14.835919484999977
8,0,angle,q0,trained,8,,0.8825,0.8888668386584639,0.7522178850248403,0.4853411513859275,24.0,2.0,37.0,0.307407089471326,400.0,41.890843744999074
8,0,angle,frozen_head_after_q0,trained,8,,0.9525,0.952569954356023,0.7468506032647267,0.43176972281449894,24.0,2.0,37.0,,,
8,0,angle,global,trained,8,,0.9305,0.9325262948997817,0.7492015613910575,0.34328358208955223,24.0,2.0,37.0,0.29566770109909374,400.0,33.360089447000064
8,0,angle,frozen_head_after_global,trained,8,,0.9475,0.9472117483627704,0.7746628814762243,0.45069296375266527,24.0,2.0,37.0,,,
8,0,angle,head,trained,8,,0.9575,0.9605080373089899,0.7669889992902768,0.3158315565031983,24.0,2.0,37.0,0.11155065961574358,400.0,38.92756631799966
8,1,kernel_amplitude,C=1,reference,3,369.0,0.9445,0.9372891446715618,0.7921841731724627,0.6423240938166311,,,,,,
8,1,kernel_amplitude,C=100,reference,3,197.0,0.979,0.9684461202619568,0.8311745919091554,0.5562366737739872,,,,,,
8,1,kernel_angle_ry,C=1,reference,8,260.0,0.964,0.9563405437586823,0.7635290986515259,0.3464818763326226,,,,,,
8,1,kernel_angle_ry,C=100,reference,8,125.0,0.9865,0.9777733677316928,0.7704932576295245,0.2921108742004264,,,,,,
8,1,logreg_xhat,-,reference,0,,0.9365,0.9309386783091883,0.8074875798438609,0.5250533049040512,9.0,,,,,
8,1,logreg_x,-,reference,0,,0.9525,0.9491962691010121,0.768319730305181,0.43097014925373134,9.0,,,,,
8,1,amplitude,q0,trained,3,,0.905,0.890057551101409,0.8114354151880766,0.6140724946695096,24.0,7.0,7.0,0.3602158072116342,400.0,0.8582607400003326
8,1,amplitude,frozen_head_after_q0,trained,3,,0.9295,0.9124826354435404,0.8372072391767211,0.650319829424307,24.0,7.0,7.0,,,
8,1,amplitude,global,trained,3,,0.9025,0.8898590990275849,0.817068843151171,0.7057569296375267,24.0,7.0,7.0,0.3653324561799639,400.0,0.8925462560000597
8,1,amplitude,frozen_head_after_global,trained,3,,0.899,0.8910498114705299,0.8180003548616039,0.7158848614072495,24.0,7.0,7.0,,,
8,1,amplitude,head,trained,3,,0.9425,0.9277634451280016,0.790542938254081,0.5655650319829424,24.0,7.0,7.0,0.16427045793363454,400.0,2.4354285139997955
8,1,angle,q0,trained,8,,0.885,0.8799364953363763,0.7528388928317956,0.4898720682302772,24.0,2.0,37.0,0.3098998117475677,400.0,32.49574853999911
8,1,angle,frozen_head_after_q0,trained,8,,0.952,0.9480055566580671,0.7569198012775018,0.4664179104477612,24.0,2.0,37.0,,,
8,1,angle,global,trained,8,,0.9265,0.9182377455844414,0.769694819020582,0.3443496801705757,24.0,2.0,37.0,0.2905717880575187,400.0,32.17831191499863
8,1,angle,frozen_head_after_global,trained,8,,0.9525,0.9521730502083747,0.7511533002129169,0.49600213219616207,24.0,2.0,37.0,,,
8,1,angle,head,trained,8,,0.963,0.9593173248660448,0.7533711852377573,0.34594882729211085,24.0,2.0,37.0,0.09765936590263825,272.0,27.133711215001313
8,2,kernel_amplitude,C=1,reference,3,357.0,0.959,0.9458225838460012,0.7979506742370476,0.6404584221748401,,,,,,
8,2,kernel_amplitude,C=100,reference,3,159.0,0.979,0.9660646953760667,0.8327271114265437,0.5767590618336887,,,,,,
8,2,kernel_angle_ry,C=1,reference,8,238.0,0.969,0.9555467354633856,0.7447214336408801,0.2849147121535181,,,,,,
8,2,kernel_angle_ry,C=100,reference,8,118.0,0.989,0.9785671760269895,0.7736426543647977,0.3694029850746269,,,,,,
8,2,logreg_xhat,-,reference,0,,0.95,0.942250446517166,0.7807398864442867,0.482409381663113,9.0,,,,,
8,2,logreg_x,-,reference,0,,0.9615,0.9539591188727922,0.7599361249112846,0.39818763326226014,9.0,,,,,
8,2,amplitude,q0,trained,3,,0.8915,0.8894621948799365,0.8367193044712562,0.6993603411513859,24.0,7.0,7.0,0.3730995119498297,400.0,0.8559971539998514
8,2,amplitude,frozen_head_after_q0,trained,3,,0.8835,0.8767612621551896,0.7726224272533712,0.716684434968017,24.0,7.0,7.0,,,
8,2,amplitude,global,trained,3,,0.8755,0.8712046040881127,0.7412171753016323,0.6761727078891258,24.0,7.0,7.0,0.36197306917317257,400.0,0.82699967300141
8,2,amplitude,frozen_head_after_global,trained,3,,0.925,0.9091089501885294,0.8139638041163946,0.670042643923241,24.0,7.0,7.0,,,
8,2,amplitude,head,trained,3,,0.952,0.9448303234768803,0.7919623846699787,0.6036780383795309,24.0,7.0,7.0,0.14261991187156986,400.0,2.7325840020002943
8,2,angle,q0,trained,8,,0.8955,0.8858900575511014,0.752528388928318,0.4877398720682303,24.0,2.0,37.0,0.2968269890174872,400.0,32.3688973240005
8,2,angle,frozen_head_after_q0,trained,8,,0.964,0.9517761460607264,0.7394872249822569,0.38406183368869934,24.0,2.0,37.0,,,
8,2,angle,global,trained,8,,0.923,0.919031553879738,0.7733765081618169,0.35367803837953093,24.0,2.0,37.0,0.28736584053031744,400.0,31.869315658999767
8,2,angle,frozen_head_after_global,trained,8,,0.9635,0.9476086525104187,0.7419712562100781,0.39872068230277186,24.0,2.0,37.0,,,
8,2,angle,head,trained,8,,0.969,0.9575312562016273,0.7443222143364088,0.3003731343283582,24.0,2.0,37.0,0.1008909209220729,264.0,26.48045072899913
8,3,kernel_amplitude,C=1,reference,3,366.0,0.953,0.9426473506648144,0.7944907735982967,0.679637526652452,,,,,,
8,3,kernel_amplitude,C=100,reference,3,179.0,0.9765,0.966461599523715,0.839070262597587,0.6268656716417911,,,,,,
8,3,kernel_angle_ry,C=1,reference,8,255.0,0.9645,0.9557451875372097,0.7476046841731725,0.3011727078891258,,,,,,
8,3,kernel_angle_ry,C=100,reference,8,128.0,0.9855,0.9797578884699345,0.771513484740951,0.30463752665245203,,,,,,
8,3,logreg_xhat,-,reference,0,,0.944,0.9416550902956936,0.7959102200141944,0.4965351812366738,9.0,,,,,
8,3,logreg_x,-,reference,0,,0.9565,0.9537606667989681,0.7582061745919092,0.4005863539445629,9.0,,,,,
8,3,amplitude,q0,trained,3,,0.8975,0.8910498114705299,0.8300212916962385,0.6852345415778252,24.0,7.0,7.0,0.36673092193987544,400.0,0.8581211720011197
8,3,amplitude,frozen_head_after_q0,trained,3,,0.9085,0.8997817027187934,0.8119233498935415,0.6791044776119403,24.0,7.0,7.0,,,
8,3,amplitude,global,trained,3,,0.8795,0.8712046040881127,0.7824254790631654,0.7038912579957356,24.0,7.0,7.0,0.3725498129404543,400.0,0.8945813499994983
8,3,amplitude,frozen_head_after_global,trained,3,,0.9105,0.9009724151617384,0.8018985095812633,0.6897654584221748,24.0,7.0,7.0,,,
8,3,amplitude,head,trained,3,,0.9445,0.9380829529668585,0.7704488999290277,0.4605543710021322,24.0,7.0,7.0,0.16931537851833106,400.0,2.638507137999113
8,3,angle,q0,trained,8,,0.8885,0.8845008930343322,0.752528388928318,0.48720682302771856,24.0,2.0,37.0,0.3023929849927291,400.0,32.14034346799963
8,3,angle,frozen_head_after_q0,trained,8,,0.95,0.9476086525104187,0.7662792760823279,0.5063965884861408,24.0,2.0,37.0,,,
8,3,angle,global,trained,8,,0.9015,0.8991863464973209,0.7451206529453513,0.2883795309168444,24.0,2.0,37.0,0.316929938163261,400.0,31.965508127999783
8,3,angle,frozen_head_after_global,trained,8,,0.959,0.950188529470133,0.7450319375443577,0.40831556503198296,24.0,2.0,37.0,,,
8,3,angle,head,trained,8,,0.97,0.9615002976781107,0.7525727466288148,0.2534648187633262,24.0,2.0,37.0,0.10085598879882315,278.0,28.242463771000985
8,4,kernel_amplitude,C=1,reference,3,395.0,0.9495,0.9462194879936495,0.79236160397445,0.6369936034115139,,,,,,
8,4,kernel_amplitude,C=100,reference,3,213.0,0.97,0.9672554078190118,0.8311302342086586,0.5962153518123667,,,,,,
8,4,kernel_angle_ry,C=1,reference,8,284.0,0.9585,0.957134352053979,0.7303938963804116,0.3062366737739872,,,,,,
8,4,kernel_angle_ry,C=100,reference,8,141.0,0.9925,0.9789640801746379,0.7739088005677786,0.39285714285714285,,,,,,
8,4,logreg_xhat,-,reference,0,,0.943,0.9470132962889463,0.7917849538679915,0.4672174840085288,9.0,,,,,
8,4,logreg_x,-,reference,0,,0.9545,0.952569954356023,0.7560770049680624,0.3947228144989339,9.0,,,,,
8,4,amplitude,q0,trained,3,,0.867,0.8654494939472117,0.7016057487579844,0.5426439232409381,24.0,7.0,7.0,0.3911590098794821,400.0,0.8931588089999423
8,4,amplitude,frozen_head_after_q0,trained,3,,0.8885,0.8860885096249256,0.7432576295244855,0.6148720682302772,24.0,7.0,7.0,,,
8,4,amplitude,global,trained,3,,0.872,0.8712046040881127,0.7172196593328601,0.6764392324093816,24.0,7.0,7.0,0.3737634586946696,400.0,0.881004741999277
8,4,amplitude,frozen_head_after_global,trained,3,,0.9015,0.9041476483429252,0.7932931156848829,0.7022921108742004,24.0,7.0,7.0,,,
8,4,amplitude,head,trained,3,,0.9395,0.9357015280809684,0.8132097232079489,0.6388592750533049,24.0,7.0,7.0,0.17942231059964564,400.0,2.687970236000183
8,4,angle,q0,trained,8,,0.8795,0.8878745782893431,0.752528388928318,0.4877398720682303,24.0,2.0,37.0,0.3140473499001971,400.0,32.46962928399989
8,4,angle,frozen_head_after_q0,trained,8,,0.9535,0.951379241913078,0.747028034066714,0.42350746268656714,24.0,2.0,37.0,,,
8,4,angle,global,trained,8,,0.9075,0.9220083349871007,0.7597143364088006,0.3352878464818763,24.0,2.0,37.0,0.3070829445699156,400.0,32.316552383999806
8,4,angle,frozen_head_after_global,trained,8,,0.958,0.9543560230204405,0.794402058197303,0.4661513859275053,24.0,2.0,37.0,,,
8,4,angle,head,trained,8,,0.9605,0.9597142290136932,0.7408179559971612,0.2809168443496802,24.0,2.0,37.0,0.10512973707634737,311.0,31.108979172000545
16,0,kernel_amplitude,C=1,reference,4,348.0,0.9595,0.9605080373089899,0.8139638041163946,0.5287846481876333,,,,,,
16,0,kernel_amplitude,C=100,reference,4,151.0,0.9855,0.9743996824766818,0.7922285308729595,0.386727078891258,,,,,,
16,0,kernel_angle_ry,C=1,reference,16,257.0,0.962,0.9591188727922206,0.7489797728885734,0.3486140724946695,,,,,,
16,0,kernel_angle_ry,C=100,reference,16,125.0,0.9905,0.9813455050605279,0.7459634492547906,0.23214285714285715,,,,,,
16,0,logreg_xhat,-,reference,0,,0.9465,0.9476086525104187,0.7762154009936125,0.4954690831556503,17.0,,,,,
16,0,logreg_x,-,reference,0,,0.9575,0.9555467354633856,0.7585166784953868,0.4157782515991471,17.0,,,,,
16,0,amplitude,q0,trained,4,,0.866,0.8640603294304425,0.6881210078069553,0.5676972281449894,48.0,11.0,11.0,0.3704251840049806,400.0,1.2273598570009199
16,0,amplitude,frozen_head_after_q0,trained,4,,0.904,0.9043461004167493,0.8291784953867991,0.5927505330490405,48.0,11.0,11.0,,,
16,0,amplitude,global,trained,4,,0.89,0.8797380432625521,0.7138928317955997,0.44909381663113007,48.0,11.0,11.0,0.368376895077397,400.0,1.2162235969990434
16,0,amplitude,frozen_head_after_global,trained,4,,0.922,0.9162532248461996,0.8151171043293116,0.5839552238805971,48.0,11.0,11.0,,,
16,0,amplitude,head,trained,4,,0.9505,0.9493947211748363,0.7936923349893541,0.5533049040511727,48.0,11.0,11.0,0.15250748239528292,400.0,3.337990385000012
16,1,kernel_amplitude,C=1,reference,4,321.0,0.9655,0.9616987497519349,0.8246983676366217,0.5551705756929638,,,,,,
16,1,kernel_amplitude,C=100,reference,4,139.0,0.988,0.975590394919627,0.8156050390347764,0.46881663113006394,,,,,,
16,1,kernel_angle_ry,C=1,reference,16,237.0,0.97,0.9577297082754515,0.7732434350603264,0.3342217484008529,,,,,,
16,1,kernel_angle_ry,C=100,reference,16,116.0,0.9925,0.9817424092081762,0.779542228530873,0.3486140724946695,,,,,,
16,1,logreg_xhat,-,reference,0,,0.9445,0.9368922405239135,0.7759492547906317,0.5138592750533049,17.0,,,,,
16,1,logreg_x,-,reference,0,,0.9605,0.9523715022821988,0.7535486160397445,0.4115138592750533,17.0,,,,,
16,1,amplitude,q0,trained,4,,0.907,0.8888668386584639,0.8268275372604684,0.6122068230277186,48.0,11.0,11.0,0.35455338384187657,400.0,1.2633579220000684
16,1,amplitude,frozen_head_after_q0,trained,4,,0.931,0.9168485810676722,0.8315738112136267,0.5807569296375267,48.0,11.0,11.0,,,
16,1,amplitude,global,trained,4,,0.902,0.8890652907322881,0.8100159687721789,0.6521855010660981,48.0,11.0,11.0,0.36823297867010735,400.0,1.2318337079996127
16,1,amplitude,frozen_head_after_global,trained,4,,0.9245,0.9132764437388371,0.8169801277501775,0.5655650319829424,48.0,11.0,11.0,,,
16,1,amplitude,head,trained,4,,0.9635,0.9555467354633856,0.8026969481902059,0.5618336886993603,48.0,11.0,11.0,0.12196500057797477,400.0,3.5387723020012345
16,2,kernel_amplitude,C=1,reference,4,307.0,0.972,0.9634848184163525,0.8244765791341376,0.5607675906183369,,,,,,
16,2,kernel_amplitude,C=100,reference,4,120.0,0.99,0.9738043262552094,0.7930713271823988,0.43523454157782515,,,,,,
16,2,kernel_angle_ry,C=1,reference,16,223.0,0.971,0.9575312562016273,0.7688076650106459,0.31663113006396587,,,,,,
16,2,kernel_angle_ry,C=100,reference,16,109.0,0.9935,0.9807501488390553,0.7804737402413059,0.35421108742004265,,,,,,
16,2,logreg_xhat,-,reference,0,,0.952,0.9491962691010121,0.7657469836763662,0.4944029850746269,17.0,,,,,
16,2,logreg_x,-,reference,0,,0.9605,0.9547529271680889,0.7509315117104329,0.38192963752665243,17.0,,,,,
16,2,amplitude,q0,trained,4,,0.8785,0.8561222464774757,0.6616394606103619,0.5578358208955224,48.0,11.0,11.0,0.364722378305971,400.0,1.2309790839990455
16,2,amplitude,frozen_head_after_q0,trained,4,,0.9225,0.9071244294502877,0.7952892122072391,0.615405117270789,48.0,11.0,11.0,,,
16,2,amplitude,global,trained,4,,0.89,0.8819210160746179,0.7599804826117814,0.5682302771855011,48.0,11.0,11.0,0.357561061901019,400.0,1.2540300330001628
16,2,amplitude,frozen_head_after_global,trained,4,,0.931,0.9162532248461996,0.8028300212916962,0.6138059701492538,48.0,11.0,11.0,,,
16,2,amplitude,head,trained,4,,0.964,0.9470132962889463,0.8073988644428672,0.5453091684434968,48.0,11.0,11.0,0.10656338592552361,400.0,3.335085156000787
16,3,kernel_amplitude,C=1,reference,4,302.0,0.971,0.9587219686445724,0.8037171753016323,0.5876865671641791,,,,,,
16,3,kernel_amplitude,C=100,reference,4,145.0,0.9825,0.973407422107561,0.8130766501064585,0.5503731343283582,,,,,,
16,3,kernel_angle_ry,C=1,reference,16,230.0,0.969,0.9601111331613416,0.7587828246983677,0.333955223880597,,,,,,
16,3,kernel_angle_ry,C=100,reference,16,121.0,0.992,0.9807501488390553,0.7724893541518808,0.3734008528784648,,,,,,
16,3,logreg_xhat,-,reference,0,,0.952,0.9480055566580671,0.7679205110007097,0.5007995735607675,17.0,,,,,
16,3,logreg_x,-,reference,0,,0.964,0.9569358999801548,0.7548349893541518,0.4109808102345416,17.0,,,,,
16,3,amplitude,q0,trained,4,,0.906,0.890057551101409,0.7903655074520937,0.6100746268656716,48.0,11.0,11.0,0.3629767061368433,400.0,1.2557725999995455
16,3,amplitude,frozen_head_after_q0,trained,4,,0.9395,0.9277634451280016,0.7989709013484741,0.6068763326226013,48.0,11.0,11.0,,,
16,3,amplitude,global,trained,4,,0.907,0.8954157570946616,0.7842441447835344,0.5359808102345416,48.0,11.0,11.0,0.35869397075979936,400.0,1.221830377000515
16,3,amplitude,frozen_head_after_global,trained,4,,0.929,0.9186346497320897,0.8248314407381121,0.6026119402985075,48.0,11.0,11.0,,,
16,3,amplitude,head,trained,4,,0.9585,0.945624131772177,0.8184882895670689,0.6673773987206824,48.0,11.0,11.0,0.12469153050738453,400.0,3.3734692060006637
16,4,kernel_amplitude,C=1,reference,4,333.0,0.966,0.9650724350069458,0.8068665720369056,0.5834221748400853,,,,,,
16,4,kernel_amplitude,C=100,reference,4,139.0,0.988,0.9736058741813852,0.7845546486870121,0.4208422174840085,,,,,,
16,4,kernel_angle_ry,C=1,reference,16,261.0,0.9655,0.9601111331613416,0.7530163236337828,0.3310234541577825,,,,,,
16,4,kernel_angle_ry,C=100,reference,16,126.0,0.9935,0.980353244691407,0.78388928317956,0.44243070362473347,,,,,,
16,4,logreg_xhat,-,reference,0,,0.9495,0.9519745981345505,0.7631742370475515,0.47414712153518124,17.0,,,,,
16,4,logreg_x,-,reference,0,,0.955,0.9589204207183966,0.7411728176011355,0.3294243070362473,17.0,,,,,
16,4,amplitude,q0,trained,4,,0.8985,0.8975987299067275,0.7583392476933996,0.6820362473347548,48.0,11.0,11.0,0.3718204915782546,400.0,1.2491974499989738
16,4,amplitude,frozen_head_after_q0,trained,4,,0.9285,0.9243897598729907,0.8047817601135557,0.6950959488272921,48.0,11.0,11.0,,,
16,4,amplitude,global,trained,4,,0.89,0.8962095653899583,0.779320440028389,0.470682302771855,48.0,11.0,11.0,0.37210979490352497,400.0,1.197658176000914
16,4,amplitude,frozen_head_after_global,trained,4,,0.9065,0.909704306410002,0.7771469127040455,0.6902985074626866,48.0,11.0,11.0,,,
16,4,amplitude,head,trained,4,,0.954,0.9464179400674737,0.8121451383960255,0.6724413646055437,48.0,11.0,11.0,0.14118149296290322,400.0,3.476761747000637
