seed,reps,params,maxiter,readout,train_acc,internal,kddtest,novel_recall,loss,evals,seconds
0,1,8,150,parity,0.785,0.7775352252431038,0.6139549325762953,0.5783582089552238,0.47359236111658914,150,0.5847474619986315
0,1,8,150,best_fixed,0.8645,0.8662433022425085,0.805180979418027,0.8363539445628998,0.47359236111658914,150,0.5847474619986315
0,1,8,150,linear_frozen,0.804,0.8001587616590593,0.6074343506032647,0.548773987206823,0.47359236111658914,150,0.5847474619986315
0,1,8,150,linear_cotrained,0.9225,0.9196269101012106,0.7570085166784953,0.5367803837953091,0.2608773813058914,150,11.857043309999426
0,3,16,150,parity,0.893,0.8940265925778924,0.7886799148332151,0.6060767590618337,0.38242275865498315,150,1.0323652930001117
0,3,16,150,best_fixed,0.93,0.9295495137924191,0.7989265436479773,0.5743603411513859,0.38242275865498315,150,1.0323652930001117
0,3,16,150,linear_frozen,0.8945,0.9031553879738043,0.822347409510291,0.6577825159914712,0.38242275865498315,150,1.0323652930001117
0,3,16,150,linear_cotrained,0.908,0.9110934709267712,0.7963094393186657,0.5692963752665245,0.269929019875801,150,16.258703930001502
0,5,24,150,parity,0.8415,0.8390553681285969,0.6607966643009227,0.6284648187633263,0.4051906802146799,150,1.4794115929998952
0,5,24,150,best_fixed,0.8925,0.8910498114705299,0.8185326472675657,0.6337953091684435,0.4051906802146799,150,1.4794115929998952
0,5,24,150,linear_frozen,0.88,0.8769597142290136,0.7382895670688432,0.599680170575693,0.4051906802146799,150,1.4794115929998952
0,5,24,150,linear_cotrained,0.9305,0.9267711847588808,0.7649929027679205,0.533315565031983,0.23793333883756118,150,12.481671315999847
0,9,40,240,parity,0.8405,0.8321095455447509,0.6956174591909156,0.6841684434968017,0.39705626834794355,240,2.180621183999392
0,9,40,240,best_fixed,0.8885,0.8902560031752332,0.7750177430801988,0.39898720682302774,0.39705626834794355,240,2.180621183999392
0,9,40,240,linear_frozen,0.8565,0.8511609446318714,0.669889992902768,0.6210021321961621,0.39705626834794355,240,2.180621183999392
0,9,40,240,linear_cotrained,0.9355,0.9343123635641992,0.8069552874378992,0.5405117270788913,0.2197167390169228,240,22.14806291000059
0,17,72,432,parity,0.896,0.891248263544354,0.7796309439318666,0.5679637526652452,0.3697632503465968,432,4.180595752000954
0,17,72,432,best_fixed,0.898,0.8964080174637825,0.8250088715400994,0.7046908315565032,0.3697632503465968,432,4.180595752000954
0,17,72,432,linear_frozen,0.882,0.8809287557054971,0.7555447125621008,0.6340618336886994,0.3697632503465968,432,4.180595752000954
0,17,72,432,linear_cotrained,0.94,0.9418535423695178,0.793958481192335,0.5743603411513859,0.20729001926841856,432,12.060559445999388
1,1,8,150,parity,0.815,0.8057154197261361,0.6356458481192335,0.6140724946695096,0.4379662346672351,150,0.37775948099988454
1,1,8,150,best_fixed,0.913,0.9017662234570352,0.7454755145493258,0.4752132196162047,0.4379662346672351,150,0.37775948099988454
1,1,8,150,linear_frozen,0.9045,0.9023615796785076,0.826472675656494,0.752132196162047,0.4379662346672351,150,0.37775948099988454
1,1,8,150,linear_cotrained,0.921,0.9083151418932328,0.8160929737402413,0.6799040511727079,0.23333930284692347,100,0.7177102380010183
1,3,16,150,parity,0.8345,0.8160349275649931,0.6344925479063165,0.49600213219616207,0.4083135318857797,150,0.50609570800043
1,3,16,150,best_fixed,0.9175,0.9033538400476285,0.7701827537260468,0.6103411513859275,0.4083135318857797,150,0.50609570800043
1,3,16,150,linear_frozen,0.9175,0.9059337170073427,0.8200408090844571,0.6495202558635395,0.4083135318857797,150,0.50609570800043
1,3,16,150,linear_cotrained,0.936,0.9255804723159357,0.8181777856635912,0.6231343283582089,0.21868982820791785,150,1.4480379269989498
1,5,24,150,parity,0.8,0.7971819805516968,0.6280606813342796,0.5932835820895522,0.439086833604786,150,0.6610502250005084
1,5,24,150,best_fixed,0.881,0.8690216312760468,0.8215489709013485,0.7022921108742004,0.439086833604786,150,0.6610502250005084
1,5,24,150,linear_frozen,0.8805,0.8682278229807502,0.690028388928318,0.5655650319829424,0.439086833604786,150,0.6610502250005084
1,5,24,150,linear_cotrained,0.9325,0.9239928557253423,0.8027856635911994,0.6082089552238806,0.20841886214355293,150,8.518092715999956
1,9,40,240,parity,0.9165,0.9045445524905735,0.821903832505323,0.5501066098081023,0.3623640330585484,240,1.8093489179991593
1,9,40,240,best_fixed,0.9295,0.9162532248461996,0.8357434350603264,0.6956289978678039,0.3623640330585484,240,1.8093489179991593
1,9,40,240,linear_frozen,0.9115,0.9025600317523318,0.8200851667849539,0.6018123667377399,0.3623640330585484,240,1.8093489179991593
1,9,40,240,linear_cotrained,0.9285,0.9202222663226831,0.8070440028388929,0.6351279317697228,0.21492098491090433,240,2.5972634270001436
1,17,72,432,parity,0.9055,0.8920420718396507,0.7856635911994322,0.6047441364605544,0.3581973608171122,432,4.074382350001542
1,17,72,432,best_fixed,0.9085,0.8960111133161341,0.7735982966643009,0.5218550106609808,0.3581973608171122,432,4.074382350001542
1,17,72,432,linear_frozen,0.915,0.89581266124231,0.7978176011355571,0.6412579957356077,0.3581973608171122,432,4.074382350001542
1,17,72,432,linear_cotrained,0.945,0.9289541575709466,0.8157381121362669,0.5863539445628998,0.19666382956645465,432,14.213089198001398
2,1,8,150,parity,0.8,0.7747568962095653,0.6151969481902059,0.593816631130064,0.45712859671692263,150,0.5834018909990846
2,1,8,150,best_fixed,0.8575,0.850764040484223,0.7183286018452804,0.32409381663113007,0.45712859671692263,150,0.5834018909990846
2,1,8,150,linear_frozen,0.8165,0.7892438975987299,0.6086763662171752,0.6130063965884861,0.45712859671692263,150,0.5834018909990846
2,1,8,150,linear_cotrained,0.9385,0.9255804723159357,0.7999911284599006,0.5698294243070362,0.22607522317594736,117,0.8444067000000359
2,3,16,150,parity,0.8245,0.8073030363167295,0.6509492547906317,0.47681236673773986,0.41092352290011136,150,0.6030684789984662
2,3,16,150,best_fixed,0.865,0.846001190712443,0.7128282469836764,0.43523454157782515,0.41092352290011136,150,0.6030684789984662
2,3,16,150,linear_frozen,0.8235,0.8082952966858503,0.6331174591909156,0.43256929637526653,0.41092352290011136,150,0.6030684789984662
2,3,16,150,linear_cotrained,0.936,0.9279618972018258,0.7710699077359829,0.5842217484008528,0.2072051906242226,150,1.1897304600006464
2,5,24,150,parity,0.8205,0.8023417344711252,0.6068133427963094,0.5159914712153518,0.4354477674355471,150,0.6879339639999671
2,5,24,150,best_fixed,0.9295,0.9233974995038698,0.7733321504613201,0.5199893390191898,0.4354477674355471,150,0.6879339639999671
2,5,24,150,linear_frozen,0.9215,0.9140702520341337,0.8018541518807665,0.7140191897654584,0.4354477674355471,150,0.6879339639999671
2,5,24,150,linear_cotrained,0.951,0.9349077197856718,0.7889904187366927,0.5554371002132196,0.18970415261111245,150,7.194769874000485
2,9,40,240,parity,0.8625,0.8378646556856519,0.6738378282469837,0.6841684434968017,0.39360539951495516,240,1.4121508349999203
2,9,40,240,best_fixed,0.912,0.8979956340543759,0.8092618878637331,0.7721215351812367,0.39360539951495516,240,1.4121508349999203
2,9,40,240,linear_frozen,0.9075,0.8837070847390355,0.7256919801277502,0.5860874200426439,0.39360539951495516,240,1.4121508349999203
2,9,40,240,linear_cotrained,0.9505,0.9345108156380234,0.8159155429382541,0.5826226012793176,0.18916715753652535,240,7.016564896001
2,17,72,432,parity,0.8965,0.8827148243699147,0.7802519517388219,0.5029317697228145,0.3613737007272258,432,5.292890839000393
2,17,72,432,best_fixed,0.9185,0.9031553879738043,0.8088183108587651,0.527452025586354,0.3613737007272258,432,5.292890839000393
2,17,72,432,linear_frozen,0.926,0.9144671561817821,0.8446593328601846,0.6636460554371002,0.3613737007272258,432,5.292890839000393
2,17,72,432,linear_cotrained,0.9555,0.9398690216312761,0.7994144783534421,0.5714285714285714,0.17442162808132183,432,7.347945867999442
3,1,8,150,parity,0.8125,0.8065092280214329,0.6331174591909156,0.593816631130064,0.44256710296093316,150,0.44243197299874737
3,1,8,150,best_fixed,0.923,0.9176423893629688,0.8184882895670689,0.7214818763326226,0.44256710296093316,150,0.44243197299874737
3,1,8,150,linear_frozen,0.909,0.9029569358999802,0.8145848119233499,0.724680170575693,0.44256710296093316,150,0.44243197299874737
3,1,8,150,linear_cotrained,0.925,0.9162532248461996,0.8027856635911994,0.6194029850746269,0.24544175938360144,150,2.23228039300011
3,3,16,150,parity,0.8475,0.8422306013097837,0.6881653655074521,0.6692430703624733,0.42615360389893714,150,0.6386963949989877
3,3,16,150,best_fixed,0.9115,0.9057352649335185,0.7842885024840313,0.6111407249466951,0.42615360389893714,150,0.6386963949989877
3,3,16,150,linear_frozen,0.9145,0.9007739630879142,0.7937366926898509,0.7025586353944563,0.42615360389893714,150,0.6386963949989877
3,3,16,150,linear_cotrained,0.9455,0.9319309386783092,0.8008782824698367,0.5786247334754797,0.21806827776103818,150,11.793638233999445
3,5,24,150,parity,0.827,0.8138519547529272,0.6569819020581973,0.5498400852878464,0.4095263409130346,150,0.7165250429989101
3,5,24,150,best_fixed,0.8945,0.8910498114705299,0.8330819730305181,0.6961620469083155,0.4095263409130346,150,0.7165250429989101
3,5,24,150,linear_frozen,0.92,0.9101012105576504,0.7881032647267565,0.5932835820895522,0.4095263409130346,150,0.7165250429989101
3,5,24,150,linear_cotrained,0.9435,0.9311371303830125,0.7973296664300923,0.5714285714285714,0.194745070210721,150,1.355109280000761
3,9,40,240,parity,0.886,0.8825163722960905,0.8178229240596168,0.6844349680170576,0.3761897281235733,240,1.4826153710000654
3,9,40,240,best_fixed,0.92,0.9081166898194086,0.7934261887863733,0.6135394456289979,0.3761897281235733,240,1.4826153710000654
3,9,40,240,linear_frozen,0.916,0.9114903750744195,0.8596965933286018,0.7276119402985075,0.3761897281235733,240,1.4826153710000654
3,9,40,240,linear_cotrained,0.941,0.931732486604485,0.7992814052519518,0.595682302771855,0.19254839453417397,240,2.9081849439990037
3,17,72,432,parity,0.881,0.8587021234371899,0.6619499645138396,0.6399253731343284,0.35943327447070467,432,4.151614596999934
3,17,72,432,best_fixed,0.9255,0.9065290732288153,0.8198633782824698,0.7028251599147122,0.35943327447070467,432,4.151614596999934
3,17,72,432,linear_frozen,0.9225,0.9114903750744195,0.7938697657913414,0.6817697228144989,0.35943327447070467,432,4.151614596999934
3,17,72,432,linear_cotrained,0.9435,0.9311371303830125,0.8120564229950319,0.5871535181236673,0.19521248329727553,432,6.680887057000291
4,1,8,150,parity,0.781,0.7771383210954554,0.6170156139105749,0.6004797441364605,0.47337305343213415,150,0.4389902330003679
4,1,8,150,best_fixed,0.8995,0.9029569358999802,0.7665010645848119,0.6122068230277186,0.47337305343213415,150,0.4389902330003679
4,1,8,150,linear_frozen,0.89,0.8918436197658266,0.7941359119943222,0.6044776119402985,0.47337305343213415,150,0.4389902330003679
4,1,8,150,linear_cotrained,0.9175,0.9174439372891446,0.8278034066713982,0.6372601279317697,0.2568291683650418,150,1.2164943769985257
4,3,16,150,parity,0.892,0.9025600317523318,0.8069109297374024,0.679637526652452,0.40679833151762257,150,0.5984733779987437
4,3,16,150,best_fixed,0.9335,0.931732486604485,0.77013839602555,0.5642324093816631,0.40679833151762257,150,0.5984733779987437
4,3,16,150,linear_frozen,0.915,0.9218098829132765,0.7969748048261178,0.5764925373134329,0.40679833151762257,150,0.5984733779987437
4,3,16,150,linear_cotrained,0.9245,0.9218098829132765,0.8155163236337828,0.6996268656716418,0.24686676817939246,150,1.4097470060005435
4,5,24,150,parity,0.821,0.8253621750347291,0.6237579843860894,0.423773987206823,0.42992075189396256,150,0.7055631799994444
4,5,24,150,best_fixed,0.8465,0.8388569160547727,0.5876508161816891,0.26945628997867804,0.42992075189396256,150,0.7055631799994444
4,5,24,150,linear_frozen,0.9015,0.9041476483429252,0.7827803406671399,0.5698294243070362,0.42992075189396256,150,0.7055631799994444
4,5,24,150,linear_cotrained,0.9325,0.9245882119468148,0.8266501064584811,0.6649786780383795,0.2272929564785903,150,1.547632171999794
4,9,40,240,parity,0.864,0.8628696169874975,0.6928672817601136,0.6337953091684435,0.37780060539340193,240,1.4817031490001682
4,9,40,240,best_fixed,0.8875,0.8962095653899583,0.7393541518807665,0.5431769722814499,0.37780060539340193,240,1.4817031490001682
4,9,40,240,linear_frozen,0.887,0.8928358801349474,0.7406405251951739,0.6689765458422174,0.37780060539340193,240,1.4817031490001682
4,9,40,240,linear_cotrained,0.9465,0.9434411589601112,0.810903122782115,0.648454157782516,0.20949365128089179,240,3.3884860910002317
4,17,72,432,parity,0.8815,0.884302440960508,0.7339425124201562,0.6234008528784648,0.3766335237760771,432,4.126545499999338
4,17,72,432,best_fixed,0.897,0.901567771383211,0.7864620298083748,0.6801705756929638,0.3766335237760771,432,4.126545499999338
4,17,72,432,linear_frozen,0.905,0.9083151418932328,0.8175124201561391,0.6457889125799574,0.3766335237760771,432,4.126545499999338
4,17,72,432,linear_cotrained,0.9445,0.9440365151815836,0.794402058197303,0.5730277185501066,0.2052768248672531,432,8.162111814001037
